participant_id,well_being,intensity,companionship_prim,companionship_desc,self_disclosure,social_network_scale,tenure_of_activity,donated,male,non_binary,age,single,age_group,gender,companion_group,tenure_group
P001,5.5,-0.726215334,0,0,-0.058645296,0.641817351,-1.821462297,0,0,0,28,0,25-34,female,Other use,1
P002,1.833333333,-1.437133259,0,1,0.506862912,-0.875529854,-0.462574528,1,0,0,36,1,35-44,female,Other use,2
P003,5.5,0.529299016,0,0,0.506862912,1.147599753,0.896313241,0,0,0,48,0,45+,female,Other use,3
P004,4.5,-0.637608671,1,1,0.393761271,-1.381312256,-0.462574528,0,1,0,53,0,45+,male,Companion (primary use),2
P005,3.333333333,-0.738989932,0,0,-0.511051862,-0.875529854,0.896313241,0,1,0,28,1,25-34,male,Other use,3
P006,4.0,-0.428178705,0,0,-0.058645296,1.653382155,0.896313241,0,1,0,24,1,18-24,male,Other use,3
P007,4.333333333,-0.147865327,0,1,0.959269479,-0.875529854,-0.462574528,0,0,0,38,1,35-44,female,Other use,2
P008,3.833333333,-0.698110294,0,1,0.846167837,0.136034949,0.896313241,0,0,0,26,0,25-34,female,Other use,3
P009,7.0,0.676772487,0,1,1.524777687,1.653382155,0.896313241,0,0,0,52,0,45+,female,Other use,3
P010,6.166666667,0.62723291,0,1,-0.171746937,1.147599753,-0.462574528,0,1,0,30,1,25-34,male,Other use,2
P011,4.5,-0.297074955,0,1,-0.39795022,-0.875529854,-1.821462297,0,1,0,27,0,25-34,male,Other use,1
P012,6.333333333,0.946665315,0,1,0.506862912,1.147599753,0.896313241,0,1,0,18,1,18-24,male,Other use,3
P013,4.666666667,-0.911257947,0,1,1.07237112,-0.369747453,0.896313241,0,1,0,19,1,18-24,male,Other use,3
P014,5.833333333,-1.923693365,0,0,-1.302763353,-0.875529854,0.896313241,0,0,1,41,0,35-44,non-binary,Other use,3
P015,5.333333333,0.117287872,0,0,0.054456346,0.641817351,0.896313241,1,1,0,29,0,25-34,male,Other use,3
P016,5.833333333,0.238196836,0,1,-0.39795022,-0.369747453,-0.462574528,0,0,0,33,0,25-34,female,Other use,2
P017,5.333333333,0.761489531,0,0,-0.624153504,-0.369747453,0.896313241,0,1,0,44,1,35-44,male,Other use,3
P018,6.333333333,1.111607018,0,1,0.846167837,-0.369747453,0.896313241,0,0,0,23,0,18-24,female,Other use,3
P019,4.166666667,-2.025041479,0,0,-2.207576486,-0.369747453,-0.462574528,0,1,0,30,0,25-34,male,Other use,2
P020,4.666666667,0.564288999,0,1,0.280659629,0.641817351,0.896313241,1,1,0,27,1,25-34,male,Other use,3
P021,2.5,1.080402949,1,1,1.524777687,-1.887094658,-0.462574528,0,1,0,62,1,45+,male,Companion (primary use),2
P022,3.0,0.363948029,0,1,0.280659629,-0.875529854,0.896313241,1,1,0,36,1,35-44,male,Other use,3
P023,5.833333333,1.000387624,0,0,0.959269479,0.641817351,-0.462574528,0,0,0,37,0,35-44,female,Other use,2
P024,4.0,-1.856414774,1,1,-1.415864995,-1.381312256,-1.821462297,0,1,0,22,1,18-24,male,Companion (primary use),1
P025,5.833333333,-0.864150411,0,0,1.07237112,-0.875529854,-1.821462297,1,0,0,24,1,18-24,female,Other use,1
P026,5.0,-0.889971421,0,1,-0.511051862,2.159164557,0.896313241,0,1,0,34,0,25-34,male,Other use,3
P027,5.333333333,-1.301021209,0,0,0.167557988,0.136034949,-0.462574528,1,1,0,25,0,25-34,male,Other use,2
P028,3.833333333,0.214687767,0,1,1.298574404,0.641817351,-1.821462297,0,0,0,37,0,35-44,female,Other use,1
P029,5.833333333,-1.190546574,0,0,0.167557988,1.147599753,-1.821462297,1,0,1,24,0,18-24,non-binary,Other use,1
P030,2.166666667,-0.3539896,0,1,0.733066196,-0.875529854,-0.462574528,0,1,0,23,1,18-24,male,Other use,2
P031,4.0,-0.867918183,0,1,-0.963458428,-1.381312256,-0.462574528,0,0,0,19,1,18-24,female,Other use,2
P032,2.666666667,0.197131936,0,0,-0.624153504,-1.887094658,-0.462574528,0,0,0,40,1,35-44,female,Other use,2
P033,4.5,0.18742328,0,0,-0.511051862,0.136034949,0.896313241,0,1,0,37,0,35-44,male,Other use,3
P034,4.5,-0.237040757,0,1,0.167557988,-0.369747453,-1.821462297,0,1,0,26,0,25-34,male,Other use,1
P035,3.333333333,0.288923834,0,0,0.733066196,-1.381312256,-0.462574528,1,0,0,22,1,18-24,female,Other use,2
P036,5.0,0.597363534,0,1,0.959269479,-0.875529854,0.896313241,1,1,0,21,0,18-24,male,Other use,3
P037,3.5,-0.864183668,0,1,0.733066196,-0.369747453,-0.462574528,0,1,0,19,1,18-24,male,Other use,2
P038,4.166666667,0.836008139,0,0,0.167557988,1.147599753,-1.821462297,0,1,0,27,1,25-34,male,Other use,1
P039,5.166666667,-1.481584541,0,0,-2.207576486,-0.369747453,-0.462574528,0,1,0,30,1,25-34,male,Other use,2
P040,4.833333333,0.389862331,1,1,1.07237112,-0.875529854,0.896313241,0,1,0,21,1,18-24,male,Companion (primary use),3
P041,3.333333333,-0.59459795,0,0,-1.07656007,-0.369747453,-0.462574528,1,0,0,24,0,18-24,female,Other use,2
P042,4.333333333,-0.228477806,0,0,-0.737255145,-1.381312256,-1.821462297,1,0,0,59,0,45+,female,Other use,1
P043,3.0,-1.513510272,0,0,-0.39795022,0.641817351,-0.462574528,0,1,0,26,1,25-34,male,Other use,2
P044,6.0,-0.783209035,0,0,-0.624153504,-0.875529854,0.896313241,1,1,0,35,0,35-44,male,Other use,3
P045,3.666666667,-0.985944933,0,1,-0.737255145,-0.369747453,0.896313241,0,1,0,36,0,35-44,male,Other use,3
P046,3.166666667,0.340261238,1,0,-0.058645296,-1.381312256,0.896313241,0,1,0,20,1,18-24,male,Companion (primary use),3
P047,4.0,0.754707663,0,0,0.733066196,-1.381312256,0.896313241,0,1,0,26,0,25-34,male,Other use,3
P048,1.833333333,-1.334763033,1,1,0.167557988,0.641817351,-0.462574528,0,1,0,41,1,35-44,male,Companion (primary use),2
P049,3.666666667,-0.410739017,0,1,0.280659629,-0.875529854,-0.462574528,0,0,0,23,0,18-24,female,Other use,2
P050,5.5,-0.890530546,0,0,-0.850356787,0.641817351,-1.821462297,0,0,0,24,0,18-24,female,Other use,1
P051,2.833333333,-0.678030442,0,1,-0.39795022,-1.381312256,-0.462574528,0,1,0,24,1,18-24,male,Other use,2
P052,4.0,-0.463603393,0,1,0.506862912,0.136034949,-0.462574528,0,0,0,21,1,18-24,female,Other use,2
P053,4.0,-0.624034772,0,1,-0.284848579,-1.887094658,-0.462574528,0,0,0,38,1,35-44,female,Other use,2
P054,2.0,0.74527346,0,1,1.185472762,-0.369747453,0.896313241,1,0,1,22,1,18-24,non-binary,Other use,3
P055,4.833333333,0.628481589,0,0,-0.511051862,0.136034949,0.896313241,0,1,0,34,0,25-34,male,Other use,3
P056,4.666666667,-0.903297309,1,1,0.733066196,-1.381312256,0.896313241,0,0,1,26,1,25-34,non-binary,Companion (primary use),3
P057,4.333333333,-0.945485083,0,0,-0.058645296,-0.369747453,0.896313241,1,0,0,38,0,35-44,female,Other use,3
P058,4.0,-1.300485659,0,0,-1.642068278,-0.875529854,-1.821462297,1,0,0,19,1,18-24,female,Other use,1
P059,5.166666667,1.631885941,0,0,1.185472762,1.147599753,0.896313241,0,0,1,28,0,25-34,non-binary,Other use,3
P060,3.5,1.325485735,1,1,1.524777687,-0.875529854,0.896313241,1,0,1,29,0,25-34,non-binary,Companion (primary use),3
P061,3.5,-0.30653243,0,1,0.959269479,-0.875529854,-1.821462297,1,1,0,20,1,18-24,male,Other use,1
P062,3.666666667,0.336188899,0,1,1.524777687,-0.875529854,-0.462574528,0,1,0,27,1,25-34,male,Other use,2
P063,2.333333333,0.477047302,0,0,-0.39795022,0.136034949,-0.462574528,0,0,0,20,1,18-24,female,Other use,2
P064,2.666666667,0.830259397,0,0,0.054456346,-1.887094658,0.896313241,1,0,0,18,0,18-24,female,Other use,3
P065,6.5,-2.557880628,0,0,-3.225491261,1.147599753,0.896313241,0,1,0,27,1,25-34,male,Other use,3
P066,3.166666667,-1.590987504,0,1,0.167557988,0.136034949,0.896313241,0,1,0,26,1,25-34,male,Other use,3
P067,3.666666667,-0.665549796,0,0,0.393761271,-1.381312256,-1.821462297,0,1,0,23,1,18-24,male,Other use,1
P068,2.0,-1.160421644,0,1,-3.225491261,-1.887094658,0.896313241,0,0,0,35,1,35-44,female,Other use,3
P069,4.833333333,-0.239951488,1,1,0.167557988,1.653382155,-0.462574528,0,1,0,40,1,35-44,male,Companion (primary use),2
P070,4.166666667,0.530160613,0,1,-0.284848579,-0.875529854,0.896313241,0,0,0,35,0,35-44,female,Other use,3
P071,6.833333333,0.623785125,1,1,1.411676045,0.136034949,-0.462574528,0,0,0,35,1,35-44,female,Companion (primary use),2
P072,5.333333333,0.520132753,1,1,-1.07656007,0.136034949,0.896313241,0,1,0,46,0,45+,male,Companion (primary use),3
P073,2.333333333,-0.695605388,0,1,-1.981373203,0.136034949,-0.462574528,0,1,0,22,1,18-24,male,Other use,2
P074,5.833333333,-0.923965082,0,1,-0.284848579,0.136034949,-0.462574528,0,0,0,25,0,25-34,female,Other use,2
P075,3.0,-1.309602251,0,0,-0.511051862,-1.381312256,-1.821462297,0,0,0,28,1,25-34,female,Other use,1
P076,5.833333333,-1.303787682,0,1,0.280659629,0.641817351,-0.462574528,0,1,0,28,0,25-34,male,Other use,2
P077,4.666666667,0.112375414,0,1,0.167557988,1.147599753,0.896313241,0,0,0,65,0,45+,female,Other use,3
P078,5.666666667,-0.366411427,1,1,0.733066196,1.147599753,0.896313241,0,1,0,24,1,18-24,male,Companion (primary use),3
P079,7.0,1.905872512,0,1,1.524777687,3.170729361,0.896313241,0,1,0,51,0,45+,male,Other use,3
P080,4.833333333,-0.268653466,0,1,-0.963458428,0.641817351,-1.821462297,0,0,0,33,0,25-34,female,Other use,1
P081,4.333333333,-0.737470157,0,0,0.280659629,1.653382155,0.896313241,1,0,0,19,1,18-24,female,Other use,3
P082,2.833333333,-0.456776933,0,1,0.619964554,-0.875529854,-1.821462297,0,0,0,27,0,25-34,female,Other use,1
P083,6.5,0.003257884,1,1,-1.528966636,-0.369747453,0.896313241,0,1,0,26,0,25-34,male,Companion (primary use),3
P084,7.0,-0.42907551,0,1,-0.850356787,0.136034949,-0.462574528,0,0,0,46,0,45+,female,Other use,2
P085,4.333333333,0.226035721,0,0,0.054456346,0.136034949,0.896313241,0,1,0,65,0,45+,male,Other use,3
P086,6.0,0.720499666,0,1,0.733066196,0.641817351,-0.462574528,0,1,0,49,0,45+,male,Other use,2
P087,5.5,0.296901001,0,0,-0.624153504,1.147599753,0.896313241,0,0,0,44,1,35-44,female,Other use,3
P088,5.5,-1.015357758,0,0,1.524777687,-1.887094658,-0.462574528,0,0,1,47,0,45+,non-binary,Other use,2
P089,2.5,-0.16378669,0,1,0.280659629,-1.887094658,-1.821462297,0,0,0,21,0,18-24,female,Other use,1
P090,6.166666667,1.013396289,0,1,1.298574404,1.147599753,0.896313241,0,1,0,22,0,18-24,male,Other use,3
P091,4.333333333,0.072679729,0,1,0.506862912,1.147599753,-1.821462297,1,0,0,28,0,25-34,female,Other use,1
P092,5.5,0.251206506,0,0,-1.75516992,-0.875529854,0.896313241,0,0,0,32,0,25-34,female,Other use,3
P093,4.833333333,0.802041863,1,0,0.393761271,0.641817351,0.896313241,0,1,0,46,0,45+,male,Companion (primary use),3
P094,6.166666667,0.261823394,0,0,-0.058645296,1.147599753,0.896313241,0,1,0,21,1,18-24,male,Other use,3
P095,6.166666667,1.123794386,0,0,1.411676045,3.170729361,0.896313241,0,1,0,27,1,25-34,male,Other use,3
P096,6.5,0.284421899,0,0,0.280659629,0.136034949,-1.821462297,0,1,0,55,0,45+,male,Other use,1
P097,5.166666667,0.410053599,0,1,-0.39795022,-1.381312256,-0.462574528,0,0,0,32,0,25-34,female,Other use,2
P098,5.166666667,-0.455792008,0,1,0.167557988,0.136034949,-0.462574528,1,0,0,34,0,25-34,female,Other use,2
P099,5.833333333,-0.09448444,0,0,0.506862912,0.136034949,0.896313241,0,0,0,26,0,25-34,female,Other use,3
P100,6.0,1.179005431,0,0,0.393761271,0.136034949,0.896313241,0,1,0,24,0,18-24,male,Other use,3
P101,4.0,-0.071042076,0,0,-0.850356787,-0.875529854,-0.462574528,0,1,0,23,0,18-24,male,Other use,2
P102,3.666666667,0.664941946,0,0,0.506862912,0.136034949,0.896313241,0,0,0,28,1,25-34,female,Other use,3
P103,5.666666667,0.574958795,0,0,-0.624153504,-0.369747453,-1.821462297,0,0,0,34,0,25-34,female,Other use,1
P104,4.833333333,-0.986394894,0,0,1.524777687,-0.369747453,-0.462574528,1,0,0,29,1,25-34,female,Other use,2
P105,4.5,-1.484746834,0,1,0.733066196,-0.369747453,0.896313241,1,0,0,19,1,18-24,female,Other use,3
P106,6.166666667,0.841421264,0,1,0.733066196,-0.369747453,-0.462574528,0,0,0,27,0,25-34,female,Other use,2
P107,1.333333333,-1.525045595,0,0,0.054456346,-1.381312256,-0.462574528,0,0,1,22,1,18-24,non-binary,Other use,2
P108,5.5,0.269127714,0,0,0.280659629,-0.369747453,-1.821462297,0,0,0,37,0,35-44,female,Other use,1
P109,2.5,-2.077905855,0,0,-0.284848579,-0.369747453,-1.821462297,0,1,0,31,1,25-34,male,Other use,1
P110,5.5,-0.314129571,0,1,-0.737255145,-1.381312256,-0.462574528,0,0,0,51,0,45+,female,Other use,2
P111,3.0,1.323077764,0,1,0.393761271,-1.887094658,0.896313241,1,0,0,18,0,18-24,female,Other use,3
P112,3.833333333,0.400204558,0,0,0.506862912,0.641817351,-1.821462297,1,1,0,19,1,18-24,male,Other use,1
P113,2.666666667,-1.036882525,0,0,0.280659629,-0.875529854,-0.462574528,1,0,1,22,1,18-24,non-binary,Other use,2
P114,5.833333333,1.511489023,1,1,-0.171746937,0.641817351,0.896313241,0,0,0,77,1,45+,female,Companion (primary use),3
P115,5.0,0.993208082,0,1,0.733066196,-0.369747453,-0.462574528,0,0,0,30,0,25-34,female,Other use,2
P116,4.166666667,0.408817053,1,1,1.298574404,1.147599753,-0.462574528,1,0,1,21,0,18-24,non-binary,Companion (primary use),2
P117,4.833333333,0.37509249,0,0,0.846167837,-0.369747453,-1.821462297,0,0,0,53,1,45+,female,Other use,1
P118,5.666666667,1.227848936,1,1,1.298574404,0.641817351,0.896313241,1,0,1,23,0,18-24,non-binary,Companion (primary use),3
P119,4.5,-0.194854937,0,0,-0.963458428,0.136034949,0.896313241,0,1,0,75,0,45+,male,Other use,3
P120,3.666666667,-0.292703829,0,0,-1.415864995,-0.875529854,0.896313241,0,0,0,31,0,25-34,female,Other use,3
P121,3.333333333,-0.772291461,0,1,0.506862912,-0.875529854,-0.462574528,1,0,0,30,0,25-34,female,Other use,2
P122,6.666666667,0.718907961,0,1,0.733066196,0.641817351,-0.462574528,0,1,0,28,0,25-34,male,Other use,2
P123,1.833333333,-1.175769426,0,0,-1.642068278,0.641817351,-1.821462297,0,1,0,23,1,18-24,male,Other use,1
P124,6.5,0.441001761,0,0,0.054456346,0.641817351,0.896313241,0,0,0,28,1,25-34,female,Other use,3
P125,5.166666667,0.164467647,0,1,-1.302763353,1.147599753,-0.462574528,1,0,0,20,0,18-24,female,Other use,2
P126,3.0,-1.408561562,0,1,0.506862912,0.136034949,-0.462574528,1,0,0,18,1,18-24,female,Other use,2
P127,5.333333333,0.14017819,0,0,-1.868271561,-0.875529854,-0.462574528,0,0,0,29,0,25-34,female,Other use,2
P128,6.833333333,-1.025518001,0,1,-0.624153504,-0.369747453,0.896313241,0,0,0,24,0,18-24,female,Other use,3
P129,5.0,-0.198011281,0,1,-0.171746937,0.136034949,-0.462574528,0,0,0,28,1,25-34,female,Other use,2
P130,4.5,-1.674181932,0,0,-0.511051862,1.147599753,-0.462574528,1,0,0,25,1,25-34,female,Other use,2
P131,2.333333333,0.628090665,1,1,1.524777687,0.136034949,-0.462574528,0,0,1,36,0,35-44,non-binary,Companion (primary use),2
P132,5.166666667,1.076385074,1,1,1.07237112,-0.369747453,0.896313241,1,1,0,35,0,35-44,male,Companion (primary use),3
P133,6.0,0.244917894,0,0,0.393761271,1.147599753,0.896313241,0,0,0,23,1,18-24,female,Other use,3
P134,3.166666667,0.879338942,1,1,0.846167837,-0.369747453,0.896313241,0,0,0,29,0,25-34,female,Companion (primary use),3
P135,4.666666667,0.546030878,0,0,-0.511051862,0.136034949,-1.821462297,0,0,0,28,0,25-34,female,Other use,1
P136,2.5,-0.481353787,1,0,-0.850356787,-0.369747453,0.896313241,1,1,0,18,1,18-24,male,Companion (primary use),3
P137,6.0,0.034367753,0,1,1.185472762,-1.887094658,-0.462574528,0,0,0,42,0,35-44,female,Other use,2
P138,2.0,-0.421774963,0,0,0.280659629,-1.887094658,-0.462574528,0,0,0,19,1,18-24,female,Other use,2
P139,4.166666667,-1.217984191,1,1,0.280659629,0.136034949,-0.462574528,1,1,0,33,1,25-34,male,Companion (primary use),2
P140,4.166666667,0.490452812,0,0,-0.624153504,0.136034949,0.896313241,0,1,0,51,0,45+,male,Other use,3
P141,5.333333333,-0.396430926,0,1,0.733066196,-0.369747453,-0.462574528,0,0,0,46,1,45+,female,Other use,2
P142,4.333333333,0.975904978,0,0,0.733066196,-0.875529854,0.896313241,0,0,0,31,1,25-34,female,Other use,3
P143,3.166666667,-0.652797284,0,1,1.07237112,-0.875529854,0.896313241,1,0,0,24,0,18-24,female,Other use,3
P144,7.0,1.55301282,1,1,1.07237112,0.641817351,-1.821462297,0,1,0,26,0,25-34,male,Companion (primary use),1
P145,4.166666667,-0.559437395,0,0,0.393761271,0.136034949,0.896313241,0,0,0,29,1,25-34,female,Other use,3
P146,6.0,-0.586581698,0,0,-0.963458428,-0.369747453,-1.821462297,0,0,0,29,0,25-34,female,Other use,1
P147,4.833333333,0.181302713,0,1,0.393761271,0.641817351,-1.821462297,0,1,0,28,0,25-34,male,Other use,1
P148,4.833333333,-0.073209194,0,1,0.393761271,0.136034949,-0.462574528,0,1,0,23,0,18-24,male,Other use,2
P149,3.666666667,-1.319524521,0,1,-1.302763353,0.641817351,-0.462574528,1,1,0,23,0,18-24,male,Other use,2
P150,2.166666667,-0.652771688,0,0,0.846167837,-0.875529854,-0.462574528,0,1,0,29,0,25-34,male,Other use,2
P151,4.666666667,0.290225938,0,1,-0.171746937,0.136034949,-1.821462297,0,1,0,26,0,25-34,male,Other use,1
P152,2.166666667,-0.64643555,0,0,-1.75516992,-1.887094658,-1.821462297,0,0,0,23,1,18-24,female,Other use,1
P153,5.5,-0.475680801,0,0,-0.850356787,0.641817351,-0.462574528,0,0,0,73,1,45+,female,Other use,2
P154,6.166666667,1.013728098,0,0,0.733066196,-0.875529854,0.896313241,0,1,0,29,0,25-34,male,Other use,3
P155,3.166666667,-1.422439021,0,1,0.959269479,0.641817351,-0.462574528,0,1,0,23,0,18-24,male,Other use,2
P156,2.666666667,-0.213163378,0,1,-0.737255145,-1.887094658,-1.821462297,0,0,0,39,0,35-44,female,Other use,1
P157,2.333333333,-1.053055887,0,0,-0.284848579,-1.381312256,-0.462574528,0,1,0,18,0,18-24,male,Other use,2
P158,6.5,-2.338925186,0,0,-2.659983053,1.653382155,0.896313241,0,1,0,19,0,18-24,male,Other use,3
P159,5.333333333,-0.474698026,0,0,-0.171746937,-0.369747453,-0.462574528,1,0,0,40,0,35-44,female,Other use,2
P160,6.166666667,-0.185702991,0,1,-0.058645296,2.159164557,0.896313241,1,0,1,23,1,18-24,non-binary,Other use,3
P161,5.666666667,1.261069743,0,1,1.524777687,2.159164557,-0.462574528,0,0,0,22,1,18-24,female,Other use,2
P162,2.833333333,0.122320623,1,1,0.733066196,-0.369747453,0.896313241,0,1,0,37,0,35-44,male,Companion (primary use),3
P163,6.0,1.396870171,0,1,1.524777687,-0.369747453,0.896313241,0,1,0,52,0,45+,male,Other use,3
P164,3.666666667,-0.958172467,0,0,-2.207576486,0.641817351,-0.462574528,0,0,0,24,1,18-24,female,Other use,2
P165,5.0,0.086752528,0,1,-0.39795022,0.136034949,-0.462574528,0,0,0,34,0,25-34,female,Other use,2
P166,1.666666667,1.030082276,0,1,1.185472762,-1.887094658,-0.462574528,1,0,0,25,1,25-34,female,Other use,2
P167,4.166666667,-0.87137557,0,0,0.167557988,-0.369747453,0.896313241,0,0,0,46,1,45+,female,Other use,3
P168,4.5,-1.872696694,0,0,-1.415864995,1.147599753,0.896313241,0,0,1,28,0,25-34,non-binary,Other use,3
P169,5.666666667,0.299089347,0,1,0.733066196,0.641817351,0.896313241,1,0,1,27,0,25-34,non-binary,Other use,3
P170,3.666666667,0.76161416,1,1,0.393761271,-0.875529854,0.896313241,1,0,0,20,0,18-24,female,Companion (primary use),3
P171,4.0,-0.6338567,0,1,0.619964554,0.136034949,-1.821462297,1,1,0,41,1,35-44,male,Other use,1
P172,5.5,0.263527032,0,0,-1.302763353,0.641817351,-1.821462297,0,1,0,35,0,35-44,male,Other use,1
P173,3.0,0.357897594,0,0,-0.171746937,0.136034949,-0.462574528,0,1,0,35,1,35-44,male,Other use,2
P174,7.0,-0.401833495,0,0,0.167557988,1.147599753,-1.821462297,0,0,0,41,0,35-44,female,Other use,1
P175,1.0,-0.539854179,0,0,-1.189661712,-1.381312256,-0.462574528,1,1,0,27,0,25-34,male,Other use,2
P176,5.5,-0.361861256,0,0,-1.302763353,-0.369747453,-1.821462297,0,0,0,39,0,35-44,female,Other use,1
P177,5.666666667,0.801890447,1,1,-0.171746937,0.641817351,0.896313241,0,0,0,24,0,18-24,female,Companion (primary use),3
P178,4.666666667,0.731532187,0,1,-0.963458428,-1.887094658,0.896313241,0,0,0,18,1,18-24,female,Other use,3
P179,5.0,-0.141457658,0,0,0.280659629,0.641817351,-1.821462297,0,0,0,44,0,35-44,female,Other use,1
P180,3.166666667,-0.059027529,0,0,-0.284848579,-0.369747453,-0.462574528,0,0,1,21,1,18-24,non-binary,Other use,2
P181,6.0,-0.552753698,0,0,0.280659629,0.641817351,-0.462574528,0,1,0,65,1,45+,male,Other use,2
P182,2.833333333,0.016590107,1,1,0.506862912,-0.875529854,-0.462574528,0,0,0,29,0,25-34,female,Companion (primary use),2
P183,3.666666667,-0.853039236,0,1,0.506862912,0.136034949,0.896313241,1,0,1,18,1,18-24,non-binary,Other use,3
P184,6.5,0.033625701,0,1,1.524777687,0.641817351,-0.462574528,1,0,0,32,0,25-34,female,Other use,2
P185,5.333333333,0.711410242,0,1,-1.189661712,0.641817351,-1.821462297,0,1,0,58,0,45+,male,Other use,1
P186,5.0,1.056195002,0,1,0.846167837,0.641817351,0.896313241,0,1,0,44,0,35-44,male,Other use,3
P187,4.333333333,0.350315293,0,0,-0.058645296,-0.875529854,0.896313241,1,0,0,36,1,35-44,female,Other use,3
P188,2.833333333,-0.193777809,0,1,0.959269479,-0.875529854,-0.462574528,0,0,1,32,1,25-34,non-binary,Other use,2
P189,3.333333333,-1.048464705,0,0,-1.189661712,-0.369747453,-0.462574528,0,0,0,54,0,45+,female,Other use,2
P190,2.333333333,-1.229026547,0,0,-0.850356787,-0.875529854,-0.462574528,0,0,0,25,1,25-34,female,Other use,2
P191,2.833333333,-1.061722718,0,0,-1.528966636,-0.369747453,-0.462574528,1,0,0,20,1,18-24,female,Other use,2
P192,6.0,0.546723995,0,1,0.733066196,-0.875529854,0.896313241,0,1,0,24,1,18-24,male,Other use,3
P193,3.0,0.609667455,0,1,0.959269479,0.641817351,0.896313241,0,0,0,30,0,25-34,female,Other use,3
P194,5.833333333,-2.089049032,0,1,0.393761271,1.653382155,0.896313241,1,1,0,30,0,25-34,male,Other use,3
P195,5.0,-1.084018458,0,0,-0.963458428,0.641817351,-1.821462297,0,1,0,27,1,25-34,male,Other use,1
P196,3.833333333,-0.761450419,0,1,-1.07656007,0.641817351,-1.821462297,0,1,0,25,1,25-34,male,Other use,1
P197,3.166666667,-1.586131327,0,0,-2.433779769,0.136034949,-1.821462297,0,1,0,25,1,25-34,male,Other use,1
P198,3.166666667,-0.737604393,0,1,0.054456346,-0.369747453,0.896313241,1,0,0,18,1,18-24,female,Other use,3
P199,6.0,0.808094305,0,0,0.280659629,1.147599753,-0.462574528,0,0,0,47,0,45+,female,Other use,2
P200,4.666666667,-1.104899812,0,0,-1.642068278,-0.369747453,-1.821462297,0,1,0,55,1,45+,male,Other use,1
P201,4.333333333,0.200660426,0,0,-0.511051862,0.136034949,-0.462574528,0,0,0,22,1,18-24,female,Other use,2
P202,6.666666667,-2.064788114,0,0,-2.546881411,0.641817351,-0.462574528,0,1,0,33,0,25-34,male,Other use,2
P203,3.166666667,-1.812649258,0,0,-1.415864995,0.136034949,0.896313241,0,0,1,23,0,18-24,non-binary,Other use,3
P204,4.5,0.29886686,0,0,0.506862912,0.136034949,-0.462574528,1,0,0,23,1,18-24,female,Other use,2
P205,6.5,0.146601189,0,0,0.280659629,2.159164557,0.896313241,0,0,0,33,0,25-34,female,Other use,3
P206,5.5,-1.700789161,0,0,0.506862912,0.136034949,0.896313241,1,0,0,24,0,18-24,female,Other use,3
P207,5.166666667,-0.469768582,0,0,0.054456346,0.641817351,-1.821462297,0,0,0,36,0,35-44,female,Other use,1
P208,4.833333333,-1.345521676,0,1,-2.773084694,-0.369747453,0.896313241,1,1,0,22,1,18-24,male,Other use,3
P209,5.166666667,0.554050993,0,1,0.619964554,1.147599753,-0.462574528,0,1,0,32,1,25-34,male,Other use,2
P210,2.5,0.625184035,1,1,0.393761271,-0.875529854,0.896313241,1,0,0,36,1,35-44,female,Companion (primary use),3
P211,3.5,-1.01686142,0,0,-0.39795022,-1.887094658,-0.462574528,0,1,0,22,1,18-24,male,Other use,2
P212,3.166666667,0.961104517,0,1,0.959269479,1.147599753,-0.462574528,0,1,0,44,1,35-44,male,Other use,2
P213,2.166666667,0.95195827,1,1,1.185472762,-0.369747453,0.896313241,0,0,0,25,1,25-34,female,Companion (primary use),3
P214,4.833333333,0.710346293,0,1,1.411676045,1.147599753,-0.462574528,0,1,0,38,0,35-44,male,Other use,2
P215,3.833333333,0.058545117,0,1,-0.058645296,0.136034949,-0.462574528,0,0,0,27,0,25-34,female,Other use,2
P216,6.166666667,0.534628592,1,0,-0.171746937,1.653382155,-1.821462297,0,0,0,27,0,25-34,female,Companion (primary use),1
P217,4.166666667,0.932256297,1,1,-0.171746937,1.147599753,-0.462574528,0,1,0,29,0,25-34,male,Companion (primary use),2
P218,3.333333333,0.804606289,1,1,0.959269479,-0.875529854,-0.462574528,0,0,0,26,0,25-34,female,Companion (primary use),2
P219,4.0,0.853065623,1,1,1.524777687,1.147599753,0.896313241,1,1,0,22,1,18-24,male,Companion (primary use),3
P220,5.166666667,-1.323117323,0,0,-0.284848579,0.136034949,0.896313241,0,0,0,29,1,25-34,female,Other use,3
P221,3.0,-1.057411229,0,0,-1.302763353,-0.369747453,0.896313241,0,0,0,26,1,25-34,female,Other use,3
P222,6.5,0.794119324,0,1,0.506862912,1.147599753,0.896313241,1,1,0,36,0,35-44,male,Other use,3
P223,2.666666667,-0.804556635,0,1,-0.963458428,0.136034949,0.896313241,0,1,0,31,1,25-34,male,Other use,3
P224,6.0,0.807974509,0,1,0.506862912,-0.369747453,0.896313241,0,0,0,34,0,25-34,female,Other use,3
P225,6.333333333,0.843665321,0,1,0.959269479,-0.369747453,0.896313241,0,1,0,40,0,35-44,male,Other use,3
P226,6.333333333,0.755758404,0,1,1.185472762,0.641817351,0.896313241,1,0,0,28,1,25-34,female,Other use,3
P227,4.833333333,-1.695609048,0,1,-1.07656007,1.653382155,-0.462574528,1,0,1,28,0,25-34,non-binary,Other use,2
P228,4.0,1.350020905,0,1,1.185472762,-1.381312256,0.896313241,0,0,0,24,0,18-24,female,Other use,3
P229,5.0,0.563457342,0,0,-1.302763353,0.641817351,-1.821462297,0,1,0,63,0,45+,male,Other use,1
P230,4.666666667,0.354121006,0,1,0.280659629,1.147599753,-0.462574528,0,1,0,52,0,45+,male,Other use,2
P231,6.0,0.295931856,0,1,0.506862912,-0.369747453,0.896313241,0,1,0,49,0,45+,male,Other use,3
P232,2.666666667,1.131902572,1,1,1.185472762,-1.887094658,-0.462574528,1,0,0,45,0,45+,female,Companion (primary use),2
P233,3.333333333,0.093229701,0,1,0.619964554,-0.369747453,-0.462574528,0,1,0,25,0,25-34,male,Other use,2
P234,4.666666667,-0.026439263,1,1,0.280659629,-1.887094658,-1.821462297,1,1,0,24,1,18-24,male,Companion (primary use),1
P235,5.333333333,0.987797988,0,0,0.506862912,-1.381312256,0.896313241,0,0,0,44,0,35-44,female,Other use,3
P236,5.0,0.262857474,0,0,-0.737255145,-0.369747453,0.896313241,0,1,0,43,0,35-44,male,Other use,3
P237,3.666666667,-0.120796297,1,1,0.733066196,-0.875529854,0.896313241,0,0,1,28,0,25-34,non-binary,Companion (primary use),3
P238,5.833333333,-1.028584833,0,0,-2.207576486,0.641817351,0.896313241,1,0,1,32,0,25-34,non-binary,Other use,3
P239,5.166666667,-1.784646089,0,0,-0.171746937,0.136034949,-1.821462297,0,0,0,38,0,35-44,female,Other use,1
P240,6.666666667,1.779311483,0,1,1.07237112,1.147599753,0.896313241,0,1,0,42,0,35-44,male,Other use,3
P241,2.5,-1.199319364,0,1,0.167557988,0.136034949,-0.462574528,1,1,0,28,0,25-34,male,Other use,2
P242,5.5,-0.986108161,0,0,-0.511051862,-0.369747453,-1.821462297,0,0,0,24,1,18-24,female,Other use,1
P243,3.0,0.108635358,0,0,-1.981373203,0.641817351,-0.462574528,0,1,0,42,0,35-44,male,Other use,2
P244,2.5,-2.218517401,0,1,-1.868271561,-1.381312256,-1.821462297,0,0,1,30,1,25-34,non-binary,Other use,1
P245,4.0,0.883957525,0,0,-1.868271561,-1.381312256,0.896313241,0,0,0,24,0,18-24,female,Other use,3
P246,4.666666667,-0.350124794,0,0,-0.511051862,-0.369747453,0.896313241,0,0,0,21,1,18-24,female,Other use,3
P247,5.5,-0.089633455,0,1,-0.624153504,-1.381312256,-0.462574528,1,0,0,40,0,35-44,female,Other use,2
P248,4.333333333,0.799286297,0,1,0.280659629,-1.381312256,-0.462574528,0,0,0,42,0,35-44,female,Other use,2
P249,4.333333333,1.141827643,0,1,-0.284848579,0.136034949,-0.462574528,0,1,0,55,0,45+,male,Other use,2
P250,3.5,-1.616475762,0,0,-0.171746937,-1.887094658,0.896313241,0,1,0,18,1,18-24,male,Other use,3
P251,5.666666667,-1.982401508,0,0,-1.528966636,1.147599753,-1.821462297,0,1,0,20,1,18-24,male,Other use,1
P252,5.5,0.732488817,0,1,0.280659629,1.653382155,-0.462574528,0,0,0,21,1,18-24,female,Other use,2
P253,4.5,-0.733451926,0,0,0.280659629,-0.875529854,-0.462574528,0,0,0,45,0,45+,female,Other use,2
P254,4.0,0.692866574,0,1,0.619964554,0.136034949,0.896313241,1,0,0,25,1,25-34,female,Other use,3
P255,5.333333333,0.025224403,0,0,-0.39795022,-1.381312256,-0.462574528,0,0,0,26,0,25-34,female,Other use,2
P256,5.666666667,0.985520534,0,0,0.846167837,0.641817351,0.896313241,0,0,0,48,0,45+,female,Other use,3
P257,2.166666667,-0.64653033,0,1,-0.284848579,-0.875529854,0.896313241,1,1,0,23,1,18-24,male,Other use,3
P258,6.333333333,1.434423351,0,1,1.185472762,1.147599753,0.896313241,0,0,0,49,0,45+,female,Other use,3
P259,3.833333333,-0.057756411,0,0,-1.07656007,-1.381312256,0.896313241,0,1,0,42,0,35-44,male,Other use,3
P260,6.166666667,0.344113549,0,0,-0.511051862,1.653382155,-0.462574528,0,0,0,28,1,25-34,female,Other use,2
P261,6.166666667,0.853131229,0,1,0.280659629,-0.369747453,0.896313241,0,0,0,29,0,25-34,female,Other use,3
P262,6.666666667,0.844520065,0,0,-0.171746937,2.664946959,-1.821462297,0,0,0,30,1,25-34,female,Other use,1
P263,5.166666667,0.090840756,0,1,0.846167837,-0.369747453,-0.462574528,0,0,0,24,0,18-24,female,Other use,2
P264,5.5,-1.694192447,0,0,-2.433779769,1.147599753,-0.462574528,1,1,0,28,0,25-34,male,Other use,2
P265,1.0,-0.013381437,0,0,-0.850356787,-0.369747453,0.896313241,1,0,1,22,0,18-24,non-binary,Other use,3
P266,3.5,1.325485735,1,0,0.506862912,-0.875529854,-0.462574528,0,0,1,20,0,18-24,non-binary,Companion (primary use),2
P267,3.166666667,-0.496417042,0,0,-0.171746937,0.641817351,-0.462574528,1,0,0,30,0,25-34,female,Other use,2
P268,3.5,-0.22726793,0,0,-1.415864995,0.136034949,0.896313241,0,1,0,20,0,18-24,male,Other use,3
P269,5.666666667,-0.085164085,0,0,-0.737255145,0.136034949,-0.462574528,0,0,0,29,1,25-34,female,Other use,2
P270,5.5,-1.506469445,0,0,-2.886186336,-1.887094658,-1.821462297,0,0,0,24,0,18-24,female,Other use,1
P271,3.333333333,0.576313634,0,0,0.167557988,-0.875529854,-0.462574528,1,0,1,28,1,25-34,non-binary,Other use,2
P272,4.0,-0.949796576,0,1,-0.963458428,-0.875529854,-1.821462297,0,1,0,21,1,18-24,male,Other use,1
P273,4.666666667,-1.038139267,0,0,-0.624153504,-0.369747453,-0.462574528,0,0,1,24,0,18-24,non-binary,Other use,2
P274,3.5,0.372139707,0,0,0.506862912,-0.369747453,0.896313241,1,1,0,21,1,18-24,male,Other use,3
P275,3.333333333,0.15718871,0,1,-0.624153504,-0.369747453,-0.462574528,1,1,0,34,0,25-34,male,Other use,2
P276,4.333333333,-0.199644261,0,0,-0.850356787,2.664946959,-0.462574528,0,1,0,18,1,18-24,male,Other use,2
P277,5.0,0.766936342,1,0,-0.624153504,0.641817351,0.896313241,0,1,0,45,0,45+,male,Companion (primary use),3
P278,5.666666667,-1.128724282,0,1,-1.642068278,2.159164557,-1.821462297,0,0,0,22,1,18-24,female,Other use,1
P279,3.0,0.586220675,1,1,0.846167837,-1.381312256,-0.462574528,0,1,0,20,0,18-24,male,Companion (primary use),2
P280,5.166666667,-1.048806097,0,0,1.07237112,-1.381312256,0.896313241,1,1,0,28,0,25-34,male,Other use,3
P281,2.166666667,-1.956553622,0,0,-0.511051862,-1.887094658,-1.821462297,0,1,0,25,1,25-34,male,Other use,1
P282,5.333333333,0.181520546,0,0,0.393761271,-0.369747453,-0.462574528,0,1,0,28,0,25-34,male,Other use,2
P283,3.833333333,0.287614761,0,1,1.524777687,1.653382155,0.896313241,1,0,0,22,1,18-24,female,Other use,3
P284,1.666666667,-2.557880628,0,0,-2.546881411,-0.875529854,-1.821462297,1,0,0,35,0,35-44,female,Other use,1
P285,3.5,-1.598786715,0,0,-2.094474844,0.641817351,0.896313241,0,0,1,27,1,25-34,non-binary,Other use,3
P286,3.666666667,-0.742497254,0,0,-2.433779769,1.147599753,-0.462574528,0,1,0,46,1,45+,male,Other use,2
P287,5.833333333,0.590969104,0,0,0.280659629,1.653382155,0.896313241,1,1,0,33,1,25-34,male,Other use,3
P288,7.0,-1.485173988,1,1,1.411676045,-0.369747453,-1.821462297,0,0,0,51,0,45+,female,Companion (primary use),1
P289,3.666666667,-1.751021452,0,0,-1.75516992,0.641817351,-0.462574528,1,1,0,19,0,18-24,male,Other use,2
P290,2.0,-1.451719238,0,0,-0.39795022,-0.369747453,0.896313241,1,0,0,23,1,18-24,female,Other use,3
P291,3.833333333,0.831186187,0,0,0.506862912,-1.381312256,0.896313241,0,0,0,47,0,45+,female,Other use,3
P292,3.666666667,-1.374284187,0,1,1.07237112,-1.887094658,-0.462574528,1,0,0,23,1,18-24,female,Other use,2
P293,3.5,1.261069743,0,1,0.054456346,-0.875529854,-0.462574528,0,0,0,42,1,35-44,female,Other use,2
P294,5.666666667,-0.227458142,0,0,0.619964554,0.136034949,-0.462574528,0,0,0,50,0,45+,female,Other use,2
P295,5.0,1.459725719,0,1,1.524777687,0.136034949,0.896313241,0,1,0,27,0,25-34,male,Other use,3
P296,5.166666667,-0.603978011,0,1,0.054456346,-0.875529854,0.896313241,1,0,0,27,0,25-34,female,Other use,3
P297,7.0,1.265732474,0,0,-0.511051862,2.664946959,0.896313241,0,1,0,32,1,25-34,male,Other use,3
P298,6.333333333,-1.954625433,1,0,-0.850356787,-1.887094658,-0.462574528,0,1,0,24,0,18-24,male,Companion (primary use),2
P299,5.333333333,0.225808628,0,0,-0.624153504,-0.875529854,0.896313241,0,0,0,33,0,25-34,female,Other use,3
P300,4.0,-0.856954766,0,0,-0.39795022,0.641817351,-0.462574528,0,1,0,24,1,18-24,male,Other use,2
P301,6.666666667,1.356324974,0,0,-0.284848579,0.641817351,-0.462574528,0,1,0,54,0,45+,male,Other use,2
P302,4.5,-1.343758022,0,0,-0.39795022,-0.369747453,-0.462574528,0,0,0,39,0,35-44,female,Other use,2
P303,4.166666667,1.262819432,1,1,1.524777687,-0.369747453,0.896313241,0,0,0,59,0,45+,female,Companion (primary use),3
P304,3.5,-1.234112848,0,0,0.054456346,0.136034949,0.896313241,0,1,0,18,1,18-24,male,Other use,3
P305,3.333333333,-1.220370277,0,1,-0.737255145,1.147599753,0.896313241,1,1,0,45,0,45+,male,Other use,3
P306,5.166666667,0.803035986,0,0,0.393761271,0.136034949,0.896313241,0,1,0,26,0,25-34,male,Other use,3
P307,6.333333333,-2.140183331,1,1,-3.225491261,1.147599753,-0.462574528,1,0,0,22,0,18-24,female,Companion (primary use),2
P308,3.666666667,0.933160646,1,1,0.619964554,-0.369747453,0.896313241,0,0,0,26,1,25-34,female,Companion (primary use),3
P309,5.5,-1.090074408,0,1,-0.624153504,-0.875529854,-0.462574528,0,0,0,35,0,35-44,female,Other use,2
P310,4.166666667,-0.778403539,0,0,-0.737255145,-0.369747453,0.896313241,1,1,0,18,1,18-24,male,Other use,3
P311,5.333333333,-1.908153605,0,0,-0.39795022,0.641817351,-1.821462297,1,1,0,27,1,25-34,male,Other use,1
P312,2.5,-0.87644919,0,0,0.054456346,-0.369747453,-0.462574528,0,0,0,27,1,25-34,female,Other use,2
P313,3.833333333,-0.871979819,0,1,0.167557988,0.641817351,-0.462574528,1,0,0,21,1,18-24,female,Other use,2
P314,3.333333333,-2.345488408,0,0,-2.773084694,0.136034949,-0.462574528,0,0,0,18,0,18-24,female,Other use,2
P315,2.5,-0.804341057,0,0,-0.624153504,-0.369747453,-0.462574528,0,0,0,21,1,18-24,female,Other use,2
P316,6.0,-0.42180464,0,0,-0.963458428,0.136034949,-0.462574528,0,1,0,46,0,45+,male,Other use,2
P317,2.166666667,-0.94322359,0,1,-0.511051862,-1.381312256,-0.462574528,0,0,0,38,1,35-44,female,Other use,2
P318,5.333333333,0.91557363,0,1,0.733066196,0.136034949,0.896313241,0,1,0,25,0,25-34,male,Other use,3
P319,6.333333333,-0.344812979,1,1,-0.171746937,1.653382155,-0.462574528,0,1,0,18,0,18-24,male,Companion (primary use),2
P320,5.333333333,1.267808479,0,0,1.411676045,0.641817351,-1.821462297,0,1,0,23,1,18-24,male,Other use,1
P321,2.166666667,-0.398677326,0,1,0.846167837,-0.875529854,0.896313241,1,1,0,20,1,18-24,male,Other use,3
P322,6.833333333,1.472341981,0,1,-0.850356787,2.664946959,0.896313241,0,1,0,21,0,18-24,male,Other use,3
P323,5.333333333,-0.330131308,0,1,-0.511051862,0.641817351,0.896313241,0,1,0,53,0,45+,male,Other use,3
P324,4.666666667,-0.274986255,0,0,-1.302763353,0.136034949,0.896313241,0,0,0,27,0,25-34,female,Other use,3
P325,5.0,0.501254623,0,1,1.185472762,-0.875529854,-1.821462297,0,1,0,31,0,25-34,male,Other use,1
P326,1.0,-1.257866883,1,1,1.524777687,-1.381312256,0.896313241,1,0,0,24,0,18-24,female,Companion (primary use),3
P327,6.166666667,1.402011302,0,0,1.524777687,1.147599753,-0.462574528,0,1,0,22,0,18-24,male,Other use,2
P328,5.666666667,0.168249932,0,1,-0.850356787,0.641817351,-1.821462297,0,0,0,29,1,25-34,female,Other use,1
P329,3.333333333,0.315598115,0,0,0.733066196,-0.369747453,-1.821462297,0,1,0,42,0,35-44,male,Other use,1
P330,4.0,0.655596016,0,1,0.506862912,1.653382155,0.896313241,1,0,0,23,1,18-24,female,Other use,3
P331,1.0,1.250013926,0,1,1.185472762,-1.887094658,0.896313241,0,0,0,25,1,25-34,female,Other use,3
P332,2.666666667,1.159166796,0,1,1.524777687,-1.381312256,0.896313241,1,1,0,20,1,18-24,male,Other use,3
P333,5.333333333,-0.093465175,0,1,-0.963458428,1.653382155,-1.821462297,1,1,0,53,1,45+,male,Other use,1
P334,4.5,-0.01973876,0,0,-0.511051862,-0.369747453,0.896313241,1,0,0,42,1,35-44,female,Other use,3
P335,5.166666667,-2.028322307,1,1,-0.624153504,-0.369747453,0.896313241,0,1,0,23,0,18-24,male,Companion (primary use),3
P336,5.166666667,-0.588806727,0,0,0.959269479,0.136034949,-1.821462297,0,1,0,25,1,25-34,male,Other use,1
P337,3.166666667,0.362366965,0,0,1.524777687,-0.369747453,-0.462574528,0,1,0,21,1,18-24,male,Other use,2
P338,4.666666667,0.91557363,0,0,0.619964554,1.653382155,0.896313241,0,0,0,33,0,25-34,female,Other use,3
P339,7.0,-2.557880628,0,1,-1.189661712,-0.369747453,-1.821462297,1,1,0,27,1,25-34,male,Other use,1
P340,4.666666667,1.075880047,0,0,1.298574404,-1.381312256,-0.462574528,1,0,0,20,0,18-24,female,Other use,2
P341,4.0,-0.885405082,0,0,1.07237112,-0.875529854,0.896313241,1,1,0,23,1,18-24,male,Other use,3
P342,3.166666667,1.459725719,1,1,1.524777687,-1.887094658,-0.462574528,0,1,0,18,1,18-24,male,Companion (primary use),2
P343,4.5,0.284227371,0,1,-0.171746937,1.653382155,0.896313241,1,1,0,22,0,18-24,male,Other use,3
P344,6.0,0.290572531,0,1,0.167557988,0.641817351,0.896313241,0,1,0,37,0,35-44,male,Other use,3
P345,5.166666667,0.778902337,0,0,-0.058645296,-0.875529854,-0.462574528,0,0,0,29,1,25-34,female,Other use,2
P346,7.0,1.072504177,0,0,1.185472762,-0.369747453,0.896313241,0,1,0,43,0,35-44,male,Other use,3
P347,5.833333333,-2.174265835,0,0,-2.546881411,-1.887094658,-0.462574528,1,0,0,24,0,18-24,female,Other use,2
P348,2.5,0.948859479,1,1,-0.511051862,-1.381312256,-0.462574528,1,0,0,24,1,18-24,female,Companion (primary use),2
P349,4.166666667,0.232086047,0,1,-0.284848579,-0.369747453,0.896313241,1,0,0,72,1,45+,female,Other use,3
P350,5.5,1.219473139,0,1,-0.624153504,0.136034949,0.896313241,0,1,0,43,0,35-44,male,Other use,3
P351,5.666666667,0.838324409,0,1,0.846167837,0.641817351,-0.462574528,0,0,0,27,0,25-34,female,Other use,2
P352,5.833333333,-0.760194951,0,1,0.733066196,-0.875529854,-0.462574528,0,1,0,40,0,35-44,male,Other use,2
P353,3.166666667,-1.870444569,0,0,-1.642068278,-0.369747453,-0.462574528,0,1,0,30,1,25-34,male,Other use,2
P354,4.166666667,-1.024165893,0,0,-1.415864995,1.147599753,-1.821462297,0,1,0,25,1,25-34,male,Other use,1
P355,4.333333333,-0.270571903,0,0,-1.189661712,1.147599753,0.896313241,1,1,0,34,0,25-34,male,Other use,3
P356,5.833333333,0.278287755,0,0,-0.39795022,0.641817351,0.896313241,0,1,0,42,0,35-44,male,Other use,3
P357,5.5,-0.805002101,0,0,-1.07656007,1.147599753,0.896313241,1,0,0,28,1,25-34,female,Other use,3
P358,4.333333333,-0.681632014,0,0,-0.963458428,-0.369747453,0.896313241,0,0,0,20,0,18-24,female,Other use,3
P359,2.666666667,0.301157352,0,0,-0.963458428,0.641817351,-0.462574528,0,1,0,25,0,25-34,male,Other use,2
P360,5.5,-1.131365801,0,0,-1.415864995,-0.369747453,-1.821462297,0,0,0,29,0,25-34,female,Other use,1
P361,4.833333333,0.66065932,0,1,-0.171746937,0.641817351,0.896313241,0,0,0,28,0,25-34,female,Other use,3
P362,5.333333333,-0.392540004,0,1,0.959269479,-1.381312256,-1.821462297,0,0,0,31,0,25-34,female,Other use,1
P363,1.666666667,-0.501321797,0,0,0.167557988,-0.369747453,0.896313241,1,0,1,25,1,25-34,non-binary,Other use,3
P364,5.666666667,-1.345748769,0,1,-1.981373203,1.653382155,-0.462574528,0,1,0,37,0,35-44,male,Other use,2
P365,4.0,0.058545117,0,1,-0.284848579,-0.369747453,0.896313241,0,0,0,57,0,45+,female,Other use,3
P366,5.166666667,0.413261796,0,1,-0.284848579,0.136034949,0.896313241,0,1,0,39,0,35-44,male,Other use,3
P367,7.0,-0.886703817,0,0,-0.39795022,1.147599753,0.896313241,1,1,0,18,0,18-24,male,Other use,3
P368,1.166666667,0.04659121,0,1,1.07237112,-1.887094658,0.896313241,1,0,0,23,1,18-24,female,Other use,3
P369,4.833333333,0.838789521,0,1,0.959269479,-0.875529854,-0.462574528,0,0,0,48,0,45+,female,Other use,2
P370,4.166666667,0.682315429,0,0,0.506862912,-0.369747453,0.896313241,1,0,0,20,1,18-24,female,Other use,3
P371,4.666666667,0.796707517,0,1,0.733066196,0.136034949,-0.462574528,0,1,0,43,0,35-44,male,Other use,2
P372,4.666666667,1.053154199,0,0,0.733066196,0.136034949,-0.462574528,0,1,0,43,0,35-44,male,Other use,2
P373,7.0,1.110741292,0,1,0.733066196,0.641817351,0.896313241,0,0,0,43,0,35-44,female,Other use,3
P374,5.833333333,0.371955444,0,1,0.733066196,1.147599753,-0.462574528,0,0,0,29,1,25-34,female,Other use,2
P375,6.333333333,-1.959467663,0,1,-2.094474844,1.653382155,0.896313241,1,0,0,24,0,18-24,female,Other use,3
P376,6.5,-0.714721178,0,0,-1.75516992,-0.369747453,-0.462574528,0,1,0,47,0,45+,male,Other use,2
P377,5.333333333,0.015534337,1,0,-1.189661712,-0.875529854,-0.462574528,0,0,0,31,1,25-34,female,Companion (primary use),2
P378,7.0,-1.244129304,0,0,-2.659983053,2.159164557,-0.462574528,0,1,0,26,0,25-34,male,Other use,2
P379,4.5,-0.580654397,0,1,-0.39795022,1.147599753,0.896313241,1,1,0,21,1,18-24,male,Other use,3
P380,6.666666667,-1.309602251,0,1,1.524777687,1.653382155,0.896313241,0,0,0,28,0,25-34,female,Other use,3
P381,7.0,-0.177194632,0,1,1.185472762,1.147599753,-1.821462297,1,1,0,25,0,25-34,male,Other use,1
P382,6.166666667,-0.432909043,0,0,1.185472762,-0.875529854,0.896313241,0,0,0,31,0,25-34,female,Other use,3
P383,5.166666667,-2.180667092,0,0,-0.171746937,0.641817351,0.896313241,0,0,0,26,0,25-34,female,Other use,3
P384,2.833333333,-0.308051611,1,1,-0.39795022,-0.369747453,-0.462574528,0,0,0,30,1,25-34,female,Companion (primary use),2
P385,5.166666667,-1.45522649,0,0,0.054456346,-0.369747453,-0.462574528,0,0,0,29,0,25-34,female,Other use,2
P386,3.666666667,-0.308884881,0,1,-0.624153504,0.136034949,-0.462574528,1,1,0,32,1,25-34,male,Other use,2
P387,6.166666667,0.465406463,0,1,-0.058645296,-0.369747453,-1.821462297,0,1,0,28,1,25-34,male,Other use,1
P388,4.833333333,-1.961873614,0,0,-1.07656007,-0.369747453,0.896313241,1,1,0,34,0,25-34,male,Other use,3
P389,6.333333333,-0.49558521,0,0,-1.981373203,-0.369747453,-0.462574528,0,0,0,34,1,25-34,female,Other use,2
P390,5.666666667,0.675302334,0,0,-0.624153504,0.136034949,0.896313241,0,0,0,46,0,45+,female,Other use,3
P391,4.166666667,0.120974929,0,0,-0.171746937,-0.875529854,0.896313241,1,1,0,18,0,18-24,male,Other use,3
P392,4.0,-1.784646089,0,0,-0.850356787,0.641817351,0.896313241,0,0,0,28,0,25-34,female,Other use,3
P393,5.5,-0.616963217,0,0,-3.225491261,-0.875529854,-1.821462297,0,0,0,22,1,18-24,female,Other use,1
P394,6.166666667,0.948267172,0,1,0.733066196,0.641817351,-0.462574528,0,1,0,27,0,25-34,male,Other use,2
P395,5.5,1.535702349,0,0,1.298574404,-1.381312256,0.896313241,0,0,0,26,1,25-34,female,Other use,3
P396,3.5,-0.378112443,1,1,1.298574404,-0.875529854,0.896313241,1,1,0,20,0,18-24,male,Companion (primary use),3
P397,6.666666667,-0.837784926,0,1,-0.624153504,0.641817351,-0.462574528,1,1,0,26,0,25-34,male,Other use,2
P398,3.0,-0.42189028,0,1,-0.511051862,-0.369747453,-1.821462297,1,1,0,18,1,18-24,male,Other use,1
P399,4.333333333,-0.468874685,0,1,-0.624153504,-0.875529854,0.896313241,0,1,0,27,1,25-34,male,Other use,3
P400,5.666666667,0.506966085,0,1,0.167557988,0.136034949,0.896313241,0,0,0,21,0,18-24,female,Other use,3
P401,2.166666667,0.967680986,1,1,1.185472762,-0.875529854,-0.462574528,1,0,0,52,0,45+,female,Companion (primary use),2
P402,3.666666667,0.448666041,1,1,0.506862912,0.136034949,-0.462574528,0,0,0,34,1,25-34,female,Companion (primary use),2
P403,5.333333333,0.604540415,0,1,-1.07656007,-0.875529854,-0.462574528,0,1,0,22,1,18-24,male,Other use,2
P404,4.0,-0.630534644,0,0,1.07237112,0.136034949,0.896313241,0,0,0,21,1,18-24,female,Other use,3
P405,4.0,-0.168331411,0,0,-0.624153504,-0.369747453,0.896313241,0,1,0,29,1,25-34,male,Other use,3
P406,3.666666667,-0.64206096,0,1,0.393761271,0.136034949,-1.821462297,0,0,0,32,1,25-34,female,Other use,1
P407,3.0,-0.251290606,0,0,0.846167837,-1.887094658,0.896313241,1,1,0,22,1,18-24,male,Other use,3
P408,2.5,0.155024868,1,1,0.280659629,-0.875529854,-1.821462297,0,0,0,31,0,25-34,female,Companion (primary use),1
P409,4.333333333,-0.223459444,0,1,-1.642068278,-1.887094658,0.896313241,1,0,0,22,1,18-24,female,Other use,3
P410,6.5,-0.015444518,0,1,0.506862912,0.136034949,-0.462574528,1,0,0,77,0,45+,female,Other use,2
P411,4.833333333,-0.286821228,0,0,0.733066196,-0.369747453,-1.821462297,0,0,0,21,0,18-24,female,Other use,1
P412,3.5,-0.206677911,0,1,0.167557988,0.641817351,-0.462574528,1,0,0,24,1,18-24,female,Other use,2
P413,3.0,-1.270353552,0,1,1.411676045,0.136034949,-0.462574528,0,1,0,22,1,18-24,male,Other use,2
P414,3.0,0.7647105,0,1,0.054456346,-1.887094658,0.896313241,1,1,0,18,1,18-24,male,Other use,3
P415,1.833333333,-1.433055055,0,0,-0.058645296,-1.381312256,0.896313241,1,1,0,24,0,18-24,male,Other use,3
P416,4.166666667,-1.121769102,0,0,-2.433779769,1.147599753,-0.462574528,0,0,1,26,0,25-34,non-binary,Other use,2
P417,3.666666667,-0.121247117,0,1,-0.284848579,0.136034949,-0.462574528,0,0,0,52,1,45+,female,Other use,2
P418,2.5,-1.457991847,0,0,0.506862912,-1.381312256,0.896313241,0,1,0,22,1,18-24,male,Other use,3
P419,5.5,-0.243464865,0,0,-1.868271561,1.147599753,0.896313241,0,0,0,28,0,25-34,female,Other use,3
P420,5.833333333,-1.420088867,0,0,-1.07656007,0.641817351,-1.821462297,0,1,0,23,1,18-24,male,Other use,1
P421,6.333333333,-0.188143375,0,1,1.185472762,0.641817351,0.896313241,0,0,0,30,0,25-34,female,Other use,3
P422,6.166666667,0.588463335,0,1,0.393761271,-0.369747453,-1.821462297,0,1,0,35,0,35-44,male,Other use,1
P423,5.666666667,0.885008517,0,1,-1.868271561,1.653382155,0.896313241,0,0,0,40,0,35-44,female,Other use,3
P424,5.833333333,0.883243895,0,0,0.280659629,0.641817351,-0.462574528,0,0,0,34,0,25-34,female,Other use,2
P425,2.833333333,-0.27344279,0,1,-0.511051862,-0.369747453,0.896313241,1,1,0,34,0,25-34,male,Other use,3
P426,4.833333333,0.134875963,1,1,1.524777687,-0.875529854,0.896313241,0,1,0,22,1,18-24,male,Companion (primary use),3
P427,1.666666667,-0.736888246,0,0,1.298574404,-1.887094658,-0.462574528,0,0,0,32,1,25-34,female,Other use,2
P428,3.333333333,0.817188878,1,1,0.733066196,-0.875529854,-0.462574528,0,0,0,24,1,18-24,female,Companion (primary use),2
P429,3.833333333,-1.498994241,0,0,-1.302763353,-1.381312256,-0.462574528,1,0,0,28,1,25-34,female,Other use,2
P430,4.0,0.520887921,0,0,0.506862912,-0.369747453,0.896313241,0,1,0,20,1,18-24,male,Other use,3
P431,6.5,-1.857099734,0,0,0.280659629,2.159164557,-1.821462297,0,1,0,20,0,18-24,male,Other use,1
P432,5.0,-1.296932394,0,0,-0.850356787,0.641817351,-1.821462297,0,0,0,24,0,18-24,female,Other use,1
P433,5.5,-0.808142583,0,0,0.054456346,2.159164557,0.896313241,1,1,0,18,1,18-24,male,Other use,3
P434,3.0,1.50422462,0,1,0.280659629,-1.381312256,0.896313241,0,0,0,19,1,18-24,female,Other use,3
P435,5.833333333,0.441216441,1,1,0.506862912,-0.369747453,-0.462574528,0,0,0,43,0,35-44,female,Companion (primary use),2
P436,4.666666667,-0.295618007,0,1,-0.284848579,-0.369747453,-0.462574528,0,0,0,57,1,45+,female,Other use,2
P437,4.666666667,-1.386071486,0,1,0.167557988,-0.875529854,0.896313241,1,1,0,23,0,18-24,male,Other use,3
P438,2.333333333,-0.347308742,0,1,-1.189661712,-0.369747453,-0.462574528,1,1,0,26,0,25-34,male,Other use,2
P439,6.5,0.711005495,0,0,0.846167837,0.136034949,0.896313241,0,0,0,66,0,45+,female,Other use,3
P440,4.833333333,0.027718814,1,1,1.07237112,0.641817351,0.896313241,0,0,0,18,0,18-24,female,Companion (primary use),3
P441,3.0,-0.575693979,0,0,0.733066196,-1.887094658,-0.462574528,1,0,0,41,1,35-44,female,Other use,2
P442,4.0,-1.074600929,0,1,0.393761271,-0.369747453,-1.821462297,0,1,0,22,0,18-24,male,Other use,1
P443,3.833333333,-0.266499137,0,0,0.846167837,1.147599753,-0.462574528,0,0,0,22,0,18-24,female,Other use,2
P444,4.0,0.484816565,1,1,1.185472762,-1.887094658,0.896313241,1,0,0,36,0,35-44,female,Companion (primary use),3
P445,2.666666667,0.048821092,0,1,-0.624153504,-0.875529854,0.896313241,0,1,0,21,1,18-24,male,Other use,3
P446,5.0,0.873059483,0,0,-0.39795022,1.147599753,0.896313241,0,0,0,20,1,18-24,female,Other use,3
P447,6.0,-1.372268784,1,0,-2.433779769,1.653382155,0.896313241,1,0,1,22,0,18-24,non-binary,Companion (primary use),3
P448,2.666666667,0.156980644,0,1,0.393761271,0.136034949,0.896313241,0,1,0,27,0,25-34,male,Other use,3
P449,1.666666667,1.615679124,1,1,0.846167837,-1.887094658,0.896313241,1,0,1,28,1,25-34,non-binary,Companion (primary use),3
P450,4.333333333,-0.821058418,0,0,-0.511051862,-1.381312256,0.896313241,1,1,0,20,1,18-24,male,Other use,3
P451,3.5,0.737729998,0,0,1.185472762,-1.381312256,0.896313241,0,1,0,25,1,25-34,male,Other use,3
P452,4.5,-1.537386003,0,0,-2.659983053,-1.381312256,-0.462574528,0,1,0,38,1,35-44,male,Other use,2
P453,2.333333333,-1.385972871,0,1,1.185472762,-0.369747453,0.896313241,0,1,0,23,1,18-24,male,Other use,3
P454,3.0,0.367674583,0,0,-0.058645296,1.147599753,0.896313241,0,0,1,23,1,18-24,non-binary,Other use,3
P455,5.166666667,0.130531374,0,0,0.054456346,-0.875529854,0.896313241,0,1,0,46,0,45+,male,Other use,3
P456,1.0,1.204703069,0,1,1.524777687,-1.381312256,0.896313241,0,0,0,22,0,18-24,female,Other use,3
P457,3.333333333,0.54745428,0,0,-0.058645296,-0.369747453,0.896313241,0,1,0,32,0,25-34,male,Other use,3
P458,4.5,-0.703420803,0,1,-0.39795022,-0.369747453,-0.462574528,1,0,0,21,1,18-24,female,Other use,2
P459,5.5,-0.641351674,0,1,0.506862912,-0.875529854,-1.821462297,0,0,0,43,1,35-44,female,Other use,1
P460,3.5,0.061825603,1,1,1.185472762,-0.369747453,-0.462574528,0,1,0,26,0,25-34,male,Companion (primary use),2
P461,6.166666667,0.015515747,0,0,0.733066196,1.147599753,0.896313241,1,1,0,47,1,45+,male,Other use,3
P462,4.666666667,-1.982401508,0,0,-2.546881411,0.136034949,-1.821462297,0,0,0,32,1,25-34,female,Other use,1
P463,5.166666667,0.140105402,0,1,0.733066196,-0.369747453,0.896313241,0,0,0,39,1,35-44,female,Other use,3
P464,3.166666667,-0.829129834,1,1,1.411676045,0.136034949,-0.462574528,0,0,1,26,1,25-34,non-binary,Companion (primary use),2
P465,4.333333333,-0.524279864,0,1,-0.171746937,-0.369747453,-0.462574528,1,1,0,25,1,25-34,male,Other use,2
P466,6.166666667,-0.94322359,1,1,-0.058645296,1.147599753,0.896313241,0,0,1,23,0,18-24,non-binary,Companion (primary use),3
P467,2.666666667,-0.774601392,0,1,-0.737255145,-0.875529854,-0.462574528,0,1,0,23,1,18-24,male,Other use,2
P468,3.5,-1.189161112,0,0,-0.39795022,-0.875529854,-1.821462297,0,0,0,26,0,25-34,female,Other use,1
P469,5.0,-0.421429809,0,0,-0.511051862,-0.875529854,-0.462574528,0,0,0,50,0,45+,female,Other use,2
P470,7.0,0.115227445,0,1,1.185472762,1.653382155,-1.821462297,1,1,0,35,1,35-44,male,Other use,1
P471,7.0,0.274725898,0,0,-1.642068278,-0.369747453,-0.462574528,0,0,0,30,1,25-34,female,Other use,2
P472,5.0,-0.628825706,0,0,-0.058645296,0.136034949,-1.821462297,0,1,0,36,0,35-44,male,Other use,1
P473,3.5,0.640870758,1,1,0.733066196,-0.369747453,-0.462574528,0,0,0,21,1,18-24,female,Companion (primary use),2
P474,4.166666667,-0.017339898,0,1,0.959269479,-0.875529854,-1.821462297,0,1,0,27,1,25-34,male,Other use,1
P475,2.166666667,-1.173517301,0,1,-0.171746937,-1.887094658,-1.821462297,0,0,0,32,0,25-34,female,Other use,1
P476,1.833333333,0.06499287,0,1,1.524777687,-1.887094658,-0.462574528,0,0,0,28,0,25-34,female,Other use,2
P477,4.333333333,0.002809551,0,1,-0.284848579,0.641817351,-0.462574528,0,1,0,24,1,18-24,male,Other use,2
P478,6.666666667,-1.982401508,0,0,-0.850356787,1.147599753,-0.462574528,0,0,0,23,0,18-24,female,Other use,2
P479,5.333333333,1.053154199,1,0,0.733066196,0.641817351,0.896313241,0,0,0,25,0,25-34,female,Companion (primary use),3
P480,3.5,-2.350419342,0,1,0.506862912,-0.369747453,-0.462574528,0,0,0,21,1,18-24,female,Other use,2
P481,4.166666667,-0.427347795,0,0,-0.284848579,-1.381312256,-1.821462297,0,1,0,31,1,25-34,male,Other use,1
P482,4.666666667,0.333345243,0,1,0.733066196,-1.381312256,-0.462574528,0,0,0,24,1,18-24,female,Other use,2
P483,6.333333333,-1.20940315,0,1,0.054456346,1.653382155,-0.462574528,1,1,0,20,1,18-24,male,Other use,2
P484,6.166666667,1.179459689,0,0,1.07237112,0.136034949,0.896313241,0,1,0,39,0,35-44,male,Other use,3
P485,5.666666667,-0.678352833,0,0,-1.415864995,0.641817351,-1.821462297,0,0,0,27,0,25-34,female,Other use,1
P486,2.5,-2.345488408,0,0,-0.624153504,-0.875529854,-0.462574528,0,1,0,23,1,18-24,male,Other use,2
P487,2.5,1.021239579,1,1,0.959269479,0.136034949,0.896313241,0,0,1,25,1,25-34,non-binary,Companion (primary use),3
P488,2.833333333,0.698424,1,1,0.054456346,-1.381312256,-1.821462297,0,0,0,22,1,18-24,female,Companion (primary use),1
P489,4.5,-1.21387252,0,1,-0.624153504,0.641817351,-0.462574528,0,0,1,27,0,25-34,non-binary,Other use,2
P490,2.666666667,1.345551534,0,0,1.524777687,0.136034949,0.896313241,1,1,0,27,0,25-34,male,Other use,3
P491,6.666666667,0.468666287,0,0,-1.302763353,1.653382155,0.896313241,1,0,1,32,1,25-34,non-binary,Other use,3
P492,6.166666667,-2.557880628,0,0,-1.415864995,0.641817351,0.896313241,1,0,0,25,0,25-34,female,Other use,3
P493,3.166666667,-0.26467937,0,1,-0.058645296,1.653382155,0.896313241,1,0,0,23,0,18-24,female,Other use,3
P494,2.333333333,-0.06839583,0,1,0.733066196,0.641817351,-0.462574528,0,0,0,31,0,25-34,female,Other use,2
P495,5.333333333,-0.292618823,0,0,-0.284848579,1.147599753,0.896313241,0,1,0,29,0,25-34,male,Other use,3
P496,5.833333333,0.672575227,0,0,0.506862912,-0.369747453,-0.462574528,1,0,0,32,1,25-34,female,Other use,2
P497,3.166666667,0.257818618,0,1,-0.058645296,-0.875529854,0.896313241,0,0,1,36,1,35-44,non-binary,Other use,3
P498,3.0,-1.865361298,0,1,0.054456346,-1.381312256,-1.821462297,0,0,0,24,1,18-24,female,Other use,1
P499,6.0,0.655859052,0,1,-0.39795022,-0.369747453,-0.462574528,0,0,0,21,1,18-24,female,Other use,2
P500,3.5,-0.061110886,0,1,-0.058645296,-0.875529854,-0.462574528,0,0,0,28,1,25-34,female,Other use,2
P501,5.333333333,-0.907766337,0,0,-0.284848579,-1.381312256,-0.462574528,0,0,0,46,1,45+,female,Other use,2
P502,2.666666667,-1.817580192,0,0,0.280659629,-0.369747453,-0.462574528,0,1,0,20,1,18-24,male,Other use,2
P503,5.666666667,-0.965925763,0,0,-0.39795022,0.641817351,0.896313241,0,1,0,21,1,18-24,male,Other use,3
P504,2.833333333,-1.449046249,0,0,0.506862912,0.641817351,0.896313241,0,1,0,24,1,18-24,male,Other use,3
P505,4.0,-2.557880628,0,0,-1.642068278,-0.369747453,-1.821462297,0,0,0,23,0,18-24,female,Other use,1
P506,5.333333333,0.182109699,0,1,0.280659629,-0.875529854,-1.821462297,0,1,0,21,0,18-24,male,Other use,1
P507,7.0,0.436780321,0,0,-0.511051862,0.136034949,-1.821462297,0,1,0,33,0,25-34,male,Other use,1
P508,6.166666667,-0.261781858,0,1,-1.868271561,1.147599753,0.896313241,0,0,0,24,0,18-24,female,Other use,3
P509,3.666666667,0.346608898,0,1,0.506862912,0.641817351,0.896313241,0,1,0,28,1,25-34,male,Other use,3
P510,5.333333333,0.437749466,0,0,0.054456346,0.136034949,-1.821462297,0,0,0,67,0,45+,female,Other use,1
P511,3.833333333,-0.502064437,0,0,-0.058645296,-1.381312256,-0.462574528,0,0,0,31,1,25-34,female,Other use,2
P512,5.333333333,-0.089939447,0,1,-1.07656007,1.147599753,-1.821462297,0,1,0,18,1,18-24,male,Other use,1
P513,6.5,0.614293405,0,0,0.506862912,-0.369747453,0.896313241,0,0,0,23,0,18-24,female,Other use,3
P514,4.833333333,-0.262305806,0,1,-1.528966636,-0.369747453,-0.462574528,0,0,0,23,1,18-24,female,Other use,2
P515,4.333333333,0.933179707,0,1,0.393761271,-0.875529854,0.896313241,0,0,0,27,1,25-34,female,Other use,3
P516,6.0,0.518464466,0,1,-0.171746937,0.641817351,-0.462574528,0,1,0,25,0,25-34,male,Other use,2
P517,6.333333333,1.350320876,0,1,0.393761271,-0.369747453,0.896313241,0,0,0,25,0,25-34,female,Other use,3
P518,2.333333333,-2.345488408,0,0,-2.433779769,-0.369747453,-0.462574528,0,0,0,23,0,18-24,female,Other use,2
P519,5.5,0.739612051,0,0,0.846167837,0.641817351,-0.462574528,0,1,0,50,1,45+,male,Other use,2
P520,4.0,-0.783858056,0,0,-1.868271561,-0.875529854,-1.821462297,0,1,0,39,0,35-44,male,Other use,1
P521,7.0,0.390364154,0,0,0.733066196,-0.875529854,0.896313241,0,1,0,26,0,25-34,male,Other use,3
P522,6.5,1.240543184,0,1,1.07237112,0.641817351,-0.462574528,0,0,0,38,0,35-44,female,Other use,2
P523,2.166666667,0.316848253,0,0,0.506862912,-0.875529854,-0.462574528,0,0,0,39,1,35-44,female,Other use,2
P524,6.0,-1.784646089,0,1,-2.433779769,2.664946959,-0.462574528,0,1,0,22,1,18-24,male,Other use,2
P525,5.666666667,0.786974743,0,0,-0.058645296,-0.369747453,-1.821462297,0,1,0,22,0,18-24,male,Other use,1
P526,6.0,-1.113339614,0,0,-1.302763353,-0.369747453,0.896313241,1,0,1,21,1,18-24,non-binary,Other use,3
P527,4.333333333,-1.14188611,0,0,0.959269479,0.136034949,-1.821462297,0,0,0,29,1,25-34,female,Other use,1
P528,5.666666667,-0.144354008,0,0,0.167557988,0.641817351,-0.462574528,1,0,0,23,1,18-24,female,Other use,2
P529,5.166666667,-0.862980074,0,0,-0.39795022,1.147599753,-1.821462297,0,1,0,28,0,25-34,male,Other use,1
P530,6.166666667,0.941489938,1,1,1.185472762,0.136034949,0.896313241,0,0,0,37,0,35-44,female,Companion (primary use),3
P531,5.333333333,0.710882105,0,0,0.280659629,0.641817351,0.896313241,0,1,0,49,0,45+,male,Other use,3
P532,2.0,-1.457991847,1,1,0.167557988,-1.381312256,-0.462574528,1,1,0,25,1,25-34,male,Companion (primary use),2
P533,1.166666667,-0.191469454,1,1,1.298574404,-1.887094658,0.896313241,1,1,0,18,0,18-24,male,Companion (primary use),3
P534,5.166666667,0.379138504,0,0,-0.511051862,1.653382155,0.896313241,0,1,0,30,0,25-34,male,Other use,3
P535,5.666666667,0.934451759,1,0,0.054456346,0.641817351,-0.462574528,0,1,0,32,0,25-34,male,Companion (primary use),2
P536,2.5,1.370596338,1,1,1.411676045,-0.369747453,-0.462574528,1,0,0,30,0,25-34,female,Companion (primary use),2
P537,4.833333333,-0.129266736,0,1,0.393761271,0.136034949,0.896313241,1,0,0,18,0,18-24,female,Other use,3
P538,4.666666667,0.629040646,0,0,0.619964554,0.136034949,0.896313241,0,0,0,23,0,18-24,female,Other use,3
P539,3.0,1.450943109,0,1,1.298574404,1.653382155,0.896313241,1,0,0,21,1,18-24,female,Other use,3
P540,6.0,0.258064973,0,0,0.167557988,1.653382155,-0.462574528,0,0,1,22,1,18-24,non-binary,Other use,2
P541,6.166666667,-2.240941621,0,0,-0.39795022,0.136034949,0.896313241,0,0,0,26,0,25-34,female,Other use,3
P542,5.5,1.058077827,0,1,-0.171746937,0.641817351,0.896313241,0,0,0,90,0,45+,female,Other use,3
P543,4.0,0.172553039,0,0,-0.850356787,1.653382155,0.896313241,0,0,0,60,0,45+,female,Other use,3
P544,4.666666667,0.411768112,0,1,-0.058645296,0.136034949,0.896313241,0,0,0,25,0,25-34,female,Other use,3
P545,5.833333333,1.332064398,0,0,0.733066196,0.136034949,0.896313241,0,1,0,27,0,25-34,male,Other use,3
P546,6.5,-1.003343024,0,0,-2.094474844,1.653382155,-0.462574528,0,0,0,43,1,35-44,female,Other use,2
P547,5.0,-1.223044428,0,0,-0.737255145,1.147599753,-0.462574528,0,0,0,29,0,25-34,female,Other use,2
P548,6.0,0.373231846,0,0,-1.981373203,1.653382155,-0.462574528,0,0,0,44,0,35-44,female,Other use,2
P549,4.833333333,1.095225348,0,1,0.393761271,-0.369747453,0.896313241,0,1,0,24,1,18-24,male,Other use,3
P550,6.333333333,-0.364113381,0,0,-0.511051862,0.641817351,-0.462574528,0,1,0,28,0,25-34,male,Other use,2
P551,4.5,-0.164013783,0,0,-1.189661712,0.641817351,0.896313241,0,0,0,31,0,25-34,female,Other use,3
P552,5.666666667,0.61652832,0,0,-0.511051862,1.147599753,0.896313241,1,1,0,39,1,35-44,male,Other use,3
P553,6.166666667,0.463371563,0,1,1.07237112,0.641817351,0.896313241,0,1,0,43,0,35-44,male,Other use,3
P554,2.5,-1.784646089,0,0,-1.528966636,-1.381312256,-0.462574528,0,1,0,24,1,18-24,male,Other use,2
P555,6.0,0.907050214,0,0,0.733066196,-0.369747453,0.896313241,0,0,0,24,0,18-24,female,Other use,3
P556,6.0,1.021224399,0,0,0.846167837,-0.369747453,0.896313241,0,1,0,41,0,35-44,male,Other use,3
P557,6.333333333,1.058077827,0,0,1.07237112,-0.875529854,0.896313241,0,1,0,24,0,18-24,male,Other use,3
P558,5.833333333,0.179652724,0,0,-0.171746937,0.641817351,-0.462574528,0,1,0,31,0,25-34,male,Other use,2
P559,3.666666667,-1.066901779,0,0,-0.39795022,1.147599753,0.896313241,0,0,0,22,0,18-24,female,Other use,3
P560,6.0,0.511596772,0,0,1.07237112,1.147599753,0.896313241,0,0,0,26,1,25-34,female,Other use,3
P561,3.5,-1.620953782,0,0,-0.058645296,-0.369747453,0.896313241,0,0,1,18,0,18-24,non-binary,Other use,3
P562,5.166666667,-0.689527543,0,0,0.619964554,0.136034949,-0.462574528,0,0,0,41,0,35-44,female,Other use,2
P563,5.833333333,1.256592589,0,1,0.280659629,-0.369747453,-1.821462297,0,1,0,25,1,25-34,male,Other use,1
P564,4.0,-0.721122435,0,1,-0.850356787,0.136034949,0.896313241,0,0,0,26,0,25-34,female,Other use,3
P565,6.166666667,0.960135372,0,1,-0.171746937,0.641817351,-1.821462297,0,1,0,25,1,25-34,male,Other use,1
P566,2.333333333,1.318877254,1,1,1.185472762,0.136034949,0.896313241,0,0,0,23,0,18-24,female,Companion (primary use),3
P567,3.666666667,0.926273511,0,1,1.185472762,-0.875529854,0.896313241,0,0,0,23,1,18-24,female,Other use,3
P568,4.666666667,-0.62426769,0,1,0.959269479,-0.875529854,-0.462574528,1,1,0,28,1,25-34,male,Other use,2
P569,6.166666667,1.092184616,0,1,0.733066196,1.147599753,-0.462574528,0,1,0,49,0,45+,male,Other use,2
P570,6.166666667,0.735869946,0,1,1.07237112,-0.875529854,-1.821462297,0,1,0,41,0,35-44,male,Other use,1
P571,5.5,1.127797567,0,0,0.619964554,-0.369747453,-0.462574528,0,1,0,51,0,45+,male,Other use,2
P572,5.333333333,-0.631659658,0,1,0.619964554,-0.369747453,-0.462574528,1,0,0,33,0,25-34,female,Other use,2
P573,5.166666667,-0.894314678,0,0,-0.171746937,0.136034949,-0.462574528,1,0,0,21,1,18-24,female,Other use,2
P574,2.5,-0.799624944,1,1,1.07237112,-1.381312256,-0.462574528,1,0,0,23,0,18-24,female,Companion (primary use),2
P575,5.166666667,-0.263700446,0,0,0.167557988,-1.381312256,-1.821462297,0,1,0,43,0,35-44,male,Other use,1
P576,5.166666667,-0.101489108,0,1,-0.511051862,2.159164557,-0.462574528,0,1,0,20,0,18-24,male,Other use,2
P577,6.0,0.550694161,0,0,0.733066196,1.147599753,0.896313241,1,1,0,29,0,25-34,male,Other use,3
P578,5.666666667,-1.158061537,0,0,-0.39795022,1.147599753,-0.462574528,0,1,0,22,0,18-24,male,Other use,2
P579,6.166666667,1.095369435,0,1,-0.171746937,2.159164557,0.896313241,1,0,0,24,1,18-24,female,Other use,3
P580,6.5,1.092184616,1,1,1.185472762,0.136034949,0.896313241,0,0,0,33,0,25-34,female,Companion (primary use),3
P581,3.166666667,0.561635561,0,1,-0.058645296,-0.369747453,-0.462574528,0,0,0,20,0,18-24,female,Other use,2
P582,1.0,-0.273139033,0,1,1.298574404,-1.887094658,-0.462574528,1,0,0,27,1,25-34,female,Other use,2
P583,6.0,-1.638144293,0,0,-1.189661712,0.136034949,-0.462574528,1,1,0,22,1,18-24,male,Other use,2
P584,5.0,-1.517887008,0,1,-0.171746937,-1.381312256,-0.462574528,0,0,0,19,1,18-24,female,Other use,2
P585,4.666666667,-0.515295171,0,0,-1.528966636,0.136034949,-0.462574528,0,1,0,31,0,25-34,male,Other use,2
P586,4.666666667,-1.261652725,1,1,0.054456346,-0.875529854,0.896313241,0,1,0,24,1,18-24,male,Companion (primary use),3
P587,4.5,0.201495268,1,1,-0.39795022,0.136034949,-1.821462297,0,0,0,33,0,25-34,female,Companion (primary use),1
P588,6.0,-0.716727192,0,1,0.733066196,-0.369747453,-1.821462297,1,0,0,20,1,18-24,female,Other use,1
P589,1.166666667,-0.081489207,0,0,1.524777687,-1.887094658,0.896313241,1,0,0,34,1,25-34,female,Other use,3
P590,6.5,0.623330868,0,0,-0.511051862,1.653382155,0.896313241,1,0,0,25,0,25-34,female,Other use,3
P591,2.333333333,-2.077905855,0,1,-1.07656007,-0.875529854,-0.462574528,0,0,0,22,0,18-24,female,Other use,2
P592,4.833333333,1.50422462,0,1,0.733066196,-0.369747453,0.896313241,0,0,0,28,1,25-34,female,Other use,3
P593,6.666666667,1.337474492,1,1,0.393761271,1.147599753,0.896313241,1,1,0,37,0,35-44,male,Companion (primary use),3
P594,3.333333333,0.876902078,0,0,0.054456346,-0.369747453,-1.821462297,0,0,0,52,1,45+,female,Other use,1
P595,4.5,1.4253515,0,1,0.733066196,-0.369747453,0.896313241,1,0,0,47,1,45+,female,Other use,3
P596,5.166666667,0.834198828,0,0,-0.171746937,-0.875529854,-0.462574528,0,0,0,39,0,35-44,female,Other use,2
P597,5.0,1.50422462,0,1,1.298574404,-0.369747453,0.896313241,1,1,0,41,1,35-44,male,Other use,3
P598,5.166666667,-0.810297866,0,0,-0.850356787,0.641817351,0.896313241,1,1,0,21,1,18-24,male,Other use,3
P599,6.0,0.56112815,0,0,0.733066196,0.136034949,0.896313241,0,1,0,31,0,25-34,male,Other use,3
P600,4.666666667,0.905958074,0,0,0.733066196,-0.369747453,-0.462574528,0,1,0,28,0,25-34,male,Other use,2
P601,5.333333333,0.88583736,0,1,0.280659629,-0.875529854,0.896313241,0,1,0,23,0,18-24,male,Other use,3
P602,4.666666667,0.905958074,0,0,0.733066196,0.136034949,-0.462574528,0,1,0,52,0,45+,male,Other use,2
P603,4.5,0.905958074,0,0,0.733066196,0.136034949,-0.462574528,0,1,0,57,0,45+,male,Other use,2
P604,5.333333333,0.796707517,0,0,0.733066196,0.641817351,-0.462574528,0,1,0,62,0,45+,male,Other use,2
P605,5.5,0.203088525,0,0,0.054456346,1.653382155,-0.462574528,0,0,0,21,0,18-24,female,Other use,2
P606,6.666666667,-2.093518403,0,0,-0.39795022,0.641817351,-0.462574528,0,1,0,18,0,18-24,male,Other use,2
P607,5.333333333,0.643973332,0,1,0.054456346,0.641817351,-1.821462297,0,1,0,43,0,35-44,male,Other use,1
P608,3.333333333,-0.203849038,0,1,-1.415864995,0.136034949,-0.462574528,1,0,0,26,0,25-34,female,Other use,2
P609,5.166666667,1.082732734,0,1,1.524777687,1.147599753,0.896313241,0,0,0,19,0,18-24,female,Other use,3
P610,6.0,1.019328845,0,0,0.054456346,0.641817351,0.896313241,0,0,0,25,1,25-34,female,Other use,3
P611,5.166666667,0.943449385,0,1,0.733066196,-0.369747453,-1.821462297,0,0,0,40,0,35-44,female,Other use,1
P612,5.666666667,1.049399577,0,1,-0.624153504,-0.369747453,0.896313241,0,1,0,59,1,45+,male,Other use,3
P613,5.666666667,-0.125357818,1,1,-1.415864995,0.136034949,0.896313241,0,0,0,22,0,18-24,female,Companion (primary use),3
P614,3.833333333,-1.063878,0,1,-1.07656007,-1.381312256,0.896313241,1,0,0,40,1,35-44,female,Other use,3
P615,6.333333333,1.327367935,0,1,0.619964554,-0.875529854,0.896313241,0,0,0,22,1,18-24,female,Other use,3
P616,4.5,0.479582527,0,1,0.506862912,0.136034949,0.896313241,0,0,0,22,1,18-24,female,Other use,3
P617,5.166666667,0.782647747,0,0,0.054456346,1.653382155,0.896313241,0,0,0,66,0,45+,female,Other use,3
P618,6.0,0.372686765,0,1,0.846167837,0.136034949,0.896313241,0,1,0,28,0,25-34,male,Other use,3
P619,6.333333333,0.973027919,0,0,-0.737255145,-0.369747453,0.896313241,0,0,0,32,1,25-34,female,Other use,3
P620,3.666666667,-0.157069705,0,1,0.733066196,-1.381312256,-0.462574528,1,1,0,22,0,18-24,male,Other use,2
P621,6.666666667,1.733712291,0,0,1.524777687,0.136034949,0.896313241,0,0,0,77,0,45+,female,Other use,3
P622,5.166666667,0.585180343,0,1,0.506862912,-0.369747453,0.896313241,0,0,0,31,0,25-34,female,Other use,3
P623,6.333333333,1.237275288,0,0,1.07237112,-0.369747453,0.896313241,1,1,0,44,0,35-44,male,Other use,3
P624,4.833333333,-1.42155919,0,0,-1.302763353,0.136034949,-0.462574528,0,0,0,26,0,25-34,female,Other use,2
P625,5.833333333,-1.956553622,0,0,-1.981373203,-0.369747453,-0.462574528,1,0,0,21,1,18-24,female,Other use,2
P626,3.666666667,-0.482933618,0,0,-1.302763353,1.147599753,0.896313241,0,0,0,28,0,25-34,female,Other use,3
P627,3.333333333,-0.464298978,1,1,0.280659629,0.136034949,0.896313241,1,1,0,20,0,18-24,male,Companion (primary use),3
P628,5.5,-0.907766337,0,0,-0.284848579,-1.381312256,-0.462574528,1,1,0,31,0,25-34,male,Other use,2
P629,6.833333333,-0.119160784,0,0,-0.39795022,0.641817351,-1.821462297,0,0,0,38,1,35-44,female,Other use,1
P630,2.833333333,-2.089049032,0,0,-2.773084694,-1.381312256,0.896313241,1,0,0,22,1,18-24,female,Other use,3
P631,7.0,-0.13234797,0,0,0.393761271,1.147599753,-0.462574528,0,1,0,19,0,18-24,male,Other use,2
P632,3.0,-0.606175111,0,0,-0.39795022,-0.875529854,0.896313241,1,0,0,25,0,25-34,female,Other use,3
P633,5.5,-0.519682516,0,1,1.07237112,0.136034949,0.896313241,1,1,0,27,1,25-34,male,Other use,3
P634,5.0,0.153717811,0,0,1.524777687,0.641817351,0.896313241,0,0,0,23,0,18-24,female,Other use,3
P635,6.0,-0.090398273,0,0,0.733066196,-0.369747453,-1.821462297,0,1,0,43,0,35-44,male,Other use,1
P636,2.833333333,0.112976847,0,1,0.167557988,0.641817351,-1.821462297,1,0,0,29,1,25-34,female,Other use,1
P637,3.0,-0.3820816,0,0,-0.39795022,-0.875529854,-0.462574528,0,0,0,28,0,25-34,female,Other use,2
P638,2.666666667,-2.557880628,0,0,-0.850356787,-0.875529854,-0.462574528,0,1,0,25,1,25-34,male,Other use,2
P639,4.5,-1.119925861,0,0,-1.642068278,1.147599753,-1.821462297,0,1,0,20,0,18-24,male,Other use,1
P640,2.0,1.271649796,0,1,1.411676045,-0.875529854,0.896313241,1,0,0,21,1,18-24,female,Other use,3
P641,4.666666667,-0.406780426,1,1,0.393761271,-0.875529854,0.896313241,0,0,1,21,0,18-24,non-binary,Companion (primary use),3
P642,6.333333333,0.627126075,0,0,0.280659629,0.136034949,-1.821462297,0,1,0,29,0,25-34,male,Other use,1
P643,4.333333333,-0.425331153,0,1,-0.737255145,0.136034949,0.896313241,0,0,1,19,1,18-24,non-binary,Other use,3
P644,4.0,-0.485883725,1,1,0.506862912,-0.875529854,-1.821462297,0,1,0,36,0,35-44,male,Companion (primary use),1
P645,6.5,1.663765387,0,1,1.07237112,0.641817351,0.896313241,0,1,0,22,1,18-24,male,Other use,3
P646,5.166666667,0.920579904,1,0,1.411676045,0.641817351,-1.821462297,0,1,0,39,0,35-44,male,Companion (primary use),1
P647,5.666666667,-1.555757687,0,1,-1.07656007,1.653382155,-0.462574528,0,0,0,22,0,18-24,female,Other use,2
P648,5.0,0.67785862,0,0,0.054456346,0.136034949,-1.821462297,0,1,0,28,0,25-34,male,Other use,1
P649,5.666666667,-0.618269122,0,0,-0.39795022,1.147599753,-0.462574528,0,1,0,29,0,25-34,male,Other use,2
P650,5.166666667,0.596575881,0,1,-1.302763353,-1.381312256,0.896313241,0,1,0,34,1,25-34,male,Other use,3
P651,6.333333333,0.866619163,0,0,1.411676045,-0.369747453,-0.462574528,1,1,0,33,1,25-34,male,Other use,2
P652,6.833333333,1.459725719,0,0,1.524777687,0.136034949,-1.821462297,0,0,0,27,0,25-34,female,Other use,1
P653,5.5,0.333775195,0,1,0.054456346,0.136034949,-0.462574528,0,1,0,34,0,25-34,male,Other use,2
P654,7.0,0.212503292,0,0,0.280659629,0.641817351,-0.462574528,0,0,0,21,0,18-24,female,Other use,2
P655,4.666666667,0.589246231,0,1,0.733066196,-1.887094658,-0.462574528,0,0,0,22,1,18-24,female,Other use,2
P656,4.0,0.476593044,0,1,-0.058645296,-0.369747453,0.896313241,0,1,0,20,0,18-24,male,Other use,3
P657,5.0,1.134756165,0,1,0.959269479,-0.875529854,-0.462574528,0,1,0,22,0,18-24,male,Other use,2
P658,2.166666667,-0.294493474,0,1,-0.171746937,-0.369747453,-0.462574528,0,1,0,36,1,35-44,male,Other use,2
P659,5.166666667,-0.044465451,0,0,-0.39795022,-0.875529854,0.896313241,0,0,0,23,0,18-24,female,Other use,3
P660,4.5,0.476394472,1,1,-0.171746937,-0.369747453,-0.462574528,0,1,0,21,0,18-24,male,Companion (primary use),2
P661,5.0,0.776039744,0,1,0.393761271,-0.369747453,-1.821462297,0,1,0,25,0,25-34,male,Other use,1
P662,6.0,0.803055177,0,1,0.733066196,-0.369747453,-0.462574528,0,1,0,21,1,18-24,male,Other use,2
P663,6.833333333,1.601626356,0,0,1.298574404,0.641817351,0.896313241,0,0,0,20,1,18-24,female,Other use,3
P664,4.166666667,0.085344179,0,1,-0.39795022,-0.369747453,0.896313241,0,1,0,34,0,25-34,male,Other use,3
P665,5.5,1.132966521,0,1,0.167557988,0.641817351,-1.821462297,0,0,0,82,0,45+,female,Other use,1
P666,5.5,1.110488603,0,0,0.733066196,0.641817351,0.896313241,0,1,0,36,0,35-44,male,Other use,3
P667,4.0,0.131768918,0,0,-0.624153504,-0.875529854,0.896313241,0,1,0,27,0,25-34,male,Other use,3
P668,6.333333333,0.527291194,0,0,0.733066196,-0.369747453,0.896313241,0,1,0,46,0,45+,male,Other use,3
P669,3.833333333,0.349437103,1,1,-1.189661712,-0.875529854,-0.462574528,0,0,0,26,0,25-34,female,Companion (primary use),2
P670,6.833333333,0.850884815,0,1,0.619964554,0.641817351,-1.821462297,0,1,0,45,0,45+,male,Other use,1
P671,5.666666667,-0.45355032,0,1,-1.75516992,1.147599753,-1.821462297,1,1,0,24,1,18-24,male,Other use,1
P672,5.5,-0.428220124,0,0,0.959269479,0.136034949,0.896313241,0,0,0,21,0,18-24,female,Other use,3
P673,5.166666667,1.611741955,0,1,0.846167837,-0.875529854,0.896313241,0,1,0,23,0,18-24,male,Other use,3
P674,6.333333333,0.731351306,0,1,-0.39795022,0.136034949,0.896313241,0,1,0,31,1,25-34,male,Other use,3
P675,6.833333333,0.446626534,0,1,0.846167837,1.147599753,0.896313241,0,0,0,64,0,45+,female,Other use,3
P676,7.0,0.151516502,0,0,0.733066196,0.136034949,-1.821462297,0,1,0,40,0,35-44,male,Other use,1
P677,4.666666667,0.551942841,0,0,-0.058645296,1.147599753,0.896313241,0,0,0,20,1,18-24,female,Other use,3
P678,4.666666667,1.332064398,0,1,0.733066196,0.136034949,0.896313241,0,1,0,63,0,45+,male,Other use,3
P679,5.333333333,0.430525884,0,0,0.393761271,-0.875529854,0.896313241,0,1,0,32,0,25-34,male,Other use,3
P680,5.333333333,0.430525884,0,0,0.393761271,-0.875529854,0.896313241,0,0,0,24,0,18-24,female,Other use,3
P681,5.833333333,0.363054132,0,1,0.733066196,-0.875529854,-1.821462297,0,1,0,22,0,18-24,male,Other use,1
P682,5.333333333,1.472341981,1,1,1.185472762,-1.887094658,0.896313241,0,1,0,33,0,25-34,male,Companion (primary use),3
P683,6.0,0.589019067,0,0,-0.284848579,-0.369747453,-0.462574528,0,1,0,28,1,25-34,male,Other use,2
P684,7.0,1.142418404,0,1,0.733066196,0.136034949,-0.462574528,0,1,0,26,0,25-34,male,Other use,2
P685,5.833333333,0.43891253,0,0,-0.171746937,0.136034949,0.896313241,0,0,0,55,1,45+,female,Other use,3
P686,5.166666667,1.053608457,0,0,0.167557988,-0.369747453,0.896313241,0,1,0,25,0,25-34,male,Other use,3
P687,6.0,0.803055177,0,1,0.280659629,0.641817351,-0.462574528,0,1,0,31,0,25-34,male,Other use,2
P688,7.0,0.655859052,0,1,0.733066196,-0.875529854,0.896313241,0,1,0,20,1,18-24,male,Other use,3
P689,4.0,-0.115861164,0,1,-0.624153504,-0.369747453,0.896313241,0,1,0,20,0,18-24,male,Other use,3
P690,6.166666667,0.820161254,1,1,-0.284848579,-0.875529854,0.896313241,0,1,0,38,1,35-44,male,Companion (primary use),3
P691,6.0,0.765563867,0,1,0.733066196,-0.369747453,-0.462574528,0,1,0,48,1,45+,male,Other use,2
P692,7.0,1.905872512,0,0,1.524777687,3.170729361,0.896313241,0,1,0,22,0,18-24,male,Other use,3
P693,5.166666667,0.948373013,0,1,0.506862912,0.641817351,0.896313241,0,0,0,58,0,45+,female,Other use,3
P694,6.333333333,0.615348101,0,0,0.167557988,-0.369747453,0.896313241,0,0,0,33,0,25-34,female,Other use,3
P695,4.666666667,-0.030123743,0,0,0.167557988,-0.875529854,0.896313241,0,0,0,46,1,45+,female,Other use,3
P696,5.333333333,-1.633213358,0,0,-2.207576486,0.641817351,0.896313241,0,1,0,37,0,35-44,male,Other use,3
P697,5.5,1.167328384,0,1,0.733066196,1.147599753,0.896313241,0,1,0,23,0,18-24,male,Other use,3
P698,6.0,0.568603767,0,0,0.167557988,0.136034949,0.896313241,0,0,0,59,0,45+,female,Other use,3
P699,4.666666667,1.281047738,0,1,-0.39795022,3.170729361,0.896313241,0,1,0,34,0,25-34,male,Other use,3
P700,3.833333333,0.967357379,0,0,-1.302763353,0.136034949,0.896313241,0,1,0,28,1,25-34,male,Other use,3
P701,6.333333333,1.183929059,0,1,1.07237112,-0.875529854,-1.821462297,0,1,0,30,0,25-34,male,Other use,1
P702,5.0,0.977155009,0,1,-0.737255145,0.641817351,0.896313241,0,1,0,32,0,25-34,male,Other use,3
P703,5.666666667,1.077062193,0,0,-0.058645296,0.641817351,0.896313241,0,1,0,19,0,18-24,male,Other use,3
P704,6.0,-0.273051309,0,0,-0.624153504,0.641817351,0.896313241,0,0,0,28,0,25-34,female,Other use,3
P705,6.333333333,0.531640743,1,0,-0.284848579,2.664946959,0.896313241,1,1,0,35,0,35-44,male,Companion (primary use),3
P706,5.0,0.912566078,1,0,0.733066196,0.136034949,0.896313241,0,0,0,25,0,25-34,female,Companion (primary use),3
P707,5.333333333,1.34987969,0,1,0.733066196,3.170729361,0.896313241,0,1,0,37,0,35-44,male,Other use,3
P708,3.0,-2.236010687,0,0,-1.528966636,-1.381312256,-1.821462297,0,1,0,31,1,25-34,male,Other use,1
P709,7.0,0.731124143,0,0,-0.511051862,0.136034949,-0.462574528,0,0,0,27,1,25-34,female,Other use,2
P710,5.666666667,0.819206201,0,1,0.393761271,-0.369747453,-0.462574528,0,0,0,28,0,25-34,female,Other use,2
P711,5.0,1.028310753,1,0,1.07237112,-0.369747453,-0.462574528,0,1,0,24,0,18-24,male,Companion (primary use),2
P712,6.5,0.621419328,0,0,-0.39795022,0.136034949,0.896313241,0,1,0,44,1,35-44,male,Other use,3
P713,4.333333333,-0.369086206,0,0,-1.642068278,0.136034949,0.896313241,0,1,0,23,0,18-24,male,Other use,3
P714,5.666666667,0.284530961,0,0,0.393761271,-0.369747453,-0.462574528,0,1,0,21,1,18-24,male,Other use,2
P715,3.333333333,0.083312542,0,0,-0.737255145,0.136034949,0.896313241,0,1,0,23,0,18-24,male,Other use,3
P716,6.333333333,1.281623892,0,1,1.524777687,-0.369747453,-0.462574528,0,1,0,23,0,18-24,male,Other use,2
P717,4.333333333,0.783184325,0,1,-0.058645296,1.147599753,0.896313241,0,0,0,50,0,45+,female,Other use,3
P718,3.666666667,-0.399167294,0,1,-1.189661712,-0.369747453,0.896313241,0,1,0,22,0,18-24,male,Other use,3
P719,7.0,0.642000706,0,0,-1.75516992,1.147599753,-0.462574528,0,1,0,44,0,35-44,male,Other use,2
P720,6.333333333,1.151364928,1,0,0.733066196,-0.875529854,0.896313241,0,0,0,37,0,35-44,female,Companion (primary use),3
P721,5.833333333,1.132966521,1,1,0.846167837,-0.369747453,0.896313241,0,1,0,30,0,25-34,male,Companion (primary use),3
P722,5.333333333,0.803055177,0,1,0.280659629,-0.875529854,0.896313241,0,1,0,40,1,35-44,male,Other use,3
P723,6.0,1.498383338,0,1,0.506862912,0.136034949,0.896313241,0,0,0,51,0,45+,female,Other use,3
P724,5.333333333,1.402395077,1,1,1.524777687,-1.887094658,-1.821462297,0,1,0,49,0,45+,male,Companion (primary use),1
P725,6.666666667,0.528810903,1,1,1.185472762,-1.381312256,0.896313241,0,1,0,29,0,25-34,male,Companion (primary use),3
P726,5.666666667,1.544066296,0,0,1.524777687,0.136034949,-1.821462297,0,0,0,23,1,18-24,female,Other use,1
P727,1.833333333,-0.702753818,0,0,0.733066196,-1.887094658,0.896313241,0,1,0,47,1,45+,male,Other use,3
P728,3.0,-0.276453773,0,1,-0.058645296,-1.381312256,0.896313241,0,0,0,20,0,18-24,female,Other use,3
P729,3.166666667,0.339349651,0,0,-1.302763353,-0.875529854,0.896313241,0,1,0,34,0,25-34,male,Other use,3
P730,4.833333333,-0.101433532,1,0,-0.737255145,-0.369747453,0.896313241,0,0,0,22,0,18-24,female,Companion (primary use),3
P731,5.5,0.580430603,0,0,0.280659629,0.641817351,0.896313241,0,0,0,60,0,45+,female,Other use,3
P732,5.166666667,-0.260558694,1,0,-0.39795022,0.641817351,0.896313241,0,1,0,23,0,18-24,male,Companion (primary use),3
P733,6.0,0.098110211,1,0,0.733066196,0.136034949,-0.462574528,0,0,0,40,0,35-44,female,Companion (primary use),2
P734,6.5,1.11364922,0,1,1.411676045,-0.875529854,0.896313241,0,0,0,27,0,25-34,female,Other use,3
P735,6.5,1.080576511,0,1,1.185472762,1.653382155,0.896313241,0,1,0,34,0,25-34,male,Other use,3
P736,5.833333333,-1.494012835,0,0,0.167557988,-0.875529854,-0.462574528,0,0,0,55,0,45+,female,Other use,2
P737,3.5,-0.092787439,1,1,-0.850356787,0.136034949,0.896313241,0,1,0,62,0,45+,male,Companion (primary use),3
P738,5.666666667,0.45734429,0,0,0.733066196,0.641817351,0.896313241,0,1,0,30,0,25-34,male,Other use,3
P739,5.333333333,0.527291194,0,0,0.733066196,0.641817351,0.896313241,0,1,0,51,0,45+,male,Other use,3
P740,5.666666667,0.742149146,1,1,0.167557988,0.136034949,0.896313241,0,1,0,25,0,25-34,male,Companion (primary use),3
P741,5.833333333,-1.706904561,0,1,0.167557988,-0.369747453,-0.462574528,0,0,0,22,1,18-24,female,Other use,2
P742,6.0,1.256592589,0,1,-0.284848579,-0.369747453,0.896313241,0,0,0,66,1,45+,female,Other use,3
P743,6.333333333,-0.577750974,0,0,-0.171746937,0.136034949,0.896313241,0,0,0,46,1,45+,female,Other use,3
P744,3.0,-0.588443065,0,1,-0.284848579,-1.887094658,-0.462574528,0,1,0,22,0,18-24,male,Other use,2
P745,3.5,0.400030991,0,1,-0.511051862,-0.875529854,0.896313241,0,1,0,24,0,18-24,male,Other use,3
P746,5.333333333,1.082350964,0,0,-0.058645296,0.641817351,0.896313241,0,1,0,32,0,25-34,male,Other use,3
P747,5.166666667,0.839836015,1,1,-0.058645296,-0.369747453,0.896313241,0,1,0,26,0,25-34,male,Companion (primary use),3
P748,5.333333333,0.813783457,1,1,0.393761271,-0.875529854,-0.462574528,0,1,0,22,1,18-24,male,Companion (primary use),2
P749,6.0,0.803055177,0,0,0.733066196,-0.369747453,-0.462574528,0,1,0,38,0,35-44,male,Other use,2
P750,6.5,0.967305413,0,0,-0.39795022,0.641817351,0.896313241,0,1,0,23,0,18-24,male,Other use,3
P751,5.166666667,-0.902760063,0,0,-0.511051862,0.136034949,0.896313241,0,1,0,35,0,35-44,male,Other use,3
P752,4.0,1.04997469,0,0,0.733066196,-1.381312256,0.896313241,0,1,0,26,1,25-34,male,Other use,3
P753,4.833333333,0.531896934,0,1,1.411676045,0.641817351,0.896313241,0,1,0,32,0,25-34,male,Other use,3
P754,5.666666667,1.160604328,0,1,1.07237112,-0.369747453,0.896313241,0,1,0,31,1,25-34,male,Other use,3
P755,5.333333333,1.568976276,0,1,0.506862912,-0.875529854,0.896313241,1,0,0,49,0,45+,female,Other use,3
P756,4.333333333,0.675103762,0,0,0.393761271,-0.369747453,0.896313241,0,1,0,21,1,18-24,male,Other use,3
P757,5.833333333,1.568976276,0,0,-0.171746937,-0.369747453,0.896313241,1,0,0,23,1,18-24,female,Other use,3
P758,6.333333333,1.138015567,0,0,0.393761271,-0.875529854,0.896313241,0,0,0,21,0,18-24,female,Other use,3
P759,2.5,-0.63777223,0,1,0.393761271,-0.875529854,-0.462574528,0,0,0,23,1,18-24,female,Other use,2
P760,4.5,0.546258041,0,1,-0.511051862,0.641817351,-0.462574528,0,1,0,32,0,25-34,male,Other use,2
P761,4.666666667,1.321110507,0,1,0.506862912,0.641817351,0.896313241,0,1,0,31,0,25-34,male,Other use,3
P762,6.0,-0.067842148,0,0,-0.850356787,2.664946959,-0.462574528,0,1,0,25,0,25-34,male,Other use,2
P763,6.666666667,1.089389584,0,0,0.280659629,0.641817351,0.896313241,0,1,0,22,1,18-24,male,Other use,3
P764,6.333333333,1.031582213,0,1,0.506862912,-1.381312256,0.896313241,0,1,0,25,1,25-34,male,Other use,3
P765,6.166666667,0.943903642,0,1,0.733066196,0.136034949,0.896313241,0,1,0,20,0,18-24,male,Other use,3
P766,5.0,0.879647327,0,1,-0.058645296,-0.369747453,0.896313241,1,0,0,37,1,35-44,female,Other use,3
P767,6.333333333,1.097502803,0,1,0.959269479,0.641817351,0.896313241,0,1,0,27,0,25-34,male,Other use,3
P768,3.0,-0.048844949,1,1,0.619964554,1.147599753,0.896313241,0,1,0,25,1,25-34,male,Companion (primary use),3
P769,5.333333333,0.284454464,0,1,0.167557988,-0.875529854,-0.462574528,0,0,0,37,0,35-44,female,Other use,2
P770,6.166666667,1.232578824,0,0,1.185472762,-0.369747453,0.896313241,1,1,0,20,0,18-24,male,Other use,3
P771,5.5,0.582064906,0,1,0.280659629,-0.369747453,-0.462574528,0,1,0,33,0,25-34,male,Other use,2
P772,4.166666667,1.313143621,0,1,1.185472762,-1.887094658,0.896313241,0,0,0,40,0,35-44,female,Other use,3
P773,6.166666667,1.208386365,0,1,0.846167837,-0.369747453,0.896313241,0,0,0,32,0,25-34,female,Other use,3
P774,4.833333333,0.41758638,0,1,0.846167837,0.641817351,0.896313241,0,0,0,43,0,35-44,female,Other use,3
P775,2.333333333,0.710119199,1,0,1.298574404,-0.875529854,0.896313241,0,0,0,28,0,25-34,female,Companion (primary use),3
P776,5.833333333,1.316519813,0,0,-0.171746937,0.641817351,-0.462574528,0,1,0,22,0,18-24,male,Other use,2
P777,5.666666667,0.909035557,0,0,1.524777687,-0.875529854,0.896313241,0,0,0,25,0,25-34,female,Other use,3
P778,2.833333333,-0.075998106,1,1,0.959269479,-1.381312256,-0.462574528,0,0,1,31,0,25-34,non-binary,Companion (primary use),2
P779,4.833333333,0.611913718,0,1,0.167557988,-0.369747453,-0.462574528,0,1,0,26,0,25-34,male,Other use,2
P780,6.0,0.895955022,0,0,-0.624153504,-0.875529854,0.896313241,0,0,0,27,0,25-34,female,Other use,3
P781,2.5,-2.448175814,0,0,-2.320678128,-1.381312256,-1.821462297,0,0,0,21,1,18-24,female,Other use,1
P782,6.5,0.601527774,0,1,-0.39795022,0.641817351,-0.462574528,0,1,0,32,1,25-34,male,Other use,2
P783,5.333333333,-1.626768351,0,0,-2.094474844,1.653382155,-0.462574528,0,0,0,38,1,35-44,female,Other use,2
P784,4.666666667,0.391947805,0,0,0.619964554,-0.369747453,-0.462574528,0,0,0,44,0,35-44,female,Other use,2
P785,5.833333333,1.158759395,0,1,-0.284848579,0.136034949,0.896313241,1,0,0,25,0,25-34,female,Other use,3
P786,4.666666667,-2.345488408,1,1,1.185472762,0.136034949,-1.821462297,0,1,0,25,1,25-34,male,Companion (primary use),1
P787,4.666666667,0.157497095,0,1,0.733066196,0.641817351,0.896313241,0,1,0,23,0,18-24,male,Other use,3
P788,5.5,-1.988230175,0,0,-2.886186336,1.653382155,0.896313241,0,0,0,29,0,25-34,female,Other use,3
P789,6.5,-0.321883518,0,0,0.167557988,0.641817351,0.896313241,0,0,0,20,1,18-24,female,Other use,3
P790,3.5,1.118572848,0,0,1.07237112,0.136034949,0.896313241,0,1,0,31,0,25-34,male,Other use,3
P791,4.666666667,0.787336341,0,0,0.506862912,-0.875529854,-1.821462297,0,0,0,37,0,35-44,female,Other use,1
P792,5.0,1.733712291,0,0,1.524777687,1.147599753,0.896313241,0,1,0,27,0,25-34,male,Other use,3
P793,6.166666667,-0.228457986,0,0,-0.171746937,1.653382155,0.896313241,1,1,0,21,1,18-24,male,Other use,3
P794,4.333333333,0.476134743,0,0,-0.058645296,-0.875529854,0.896313241,0,1,0,26,1,25-34,male,Other use,3
P795,5.333333333,-1.25268677,0,1,0.167557988,1.147599753,0.896313241,1,0,0,21,1,18-24,female,Other use,3
P796,5.666666667,0.858959505,0,1,0.959269479,-0.875529854,0.896313241,0,1,0,46,0,45+,male,Other use,3
P797,5.333333333,-0.016882665,0,1,0.167557988,-0.369747453,-0.462574528,0,1,0,36,0,35-44,male,Other use,2
P798,3.333333333,0.124925281,0,1,0.393761271,-1.381312256,0.896313241,0,0,0,24,1,18-24,female,Other use,3
P799,4.666666667,-1.371750258,0,1,-0.511051862,-0.369747453,-1.821462297,0,1,0,21,1,18-24,male,Other use,1
P800,4.166666667,0.379119313,0,0,-0.737255145,0.641817351,0.896313241,0,1,0,26,0,25-34,male,Other use,3
P801,4.166666667,0.124096663,0,0,-0.284848579,1.147599753,-0.462574528,0,1,0,39,0,35-44,male,Other use,2
P802,4.5,0.45619214,1,0,-0.737255145,0.641817351,0.896313241,0,0,0,26,0,25-34,female,Companion (primary use),3
P803,6.333333333,0.004081194,0,1,1.185472762,0.136034949,0.896313241,0,1,0,25,0,25-34,male,Other use,3
P804,6.166666667,0.771125376,0,1,1.185472762,0.136034949,0.896313241,0,1,0,40,0,35-44,male,Other use,3
P805,5.166666667,1.10661154,0,1,0.733066196,1.653382155,0.896313241,0,1,0,27,0,25-34,male,Other use,3
P806,5.833333333,0.266974816,0,0,0.846167837,0.136034949,-0.462574528,0,1,0,22,1,18-24,male,Other use,2
P807,5.166666667,0.256137441,1,1,0.619964554,0.136034949,0.896313241,0,0,0,29,0,25-34,female,Companion (primary use),3
P808,4.666666667,0.917229362,0,1,0.733066196,0.136034949,0.896313241,0,0,0,24,0,18-24,female,Other use,3
P809,6.0,1.13118911,1,1,1.07237112,0.136034949,0.896313241,0,1,0,42,0,35-44,male,Companion (primary use),3
P810,5.5,1.362637166,0,0,1.524777687,-0.369747453,0.896313241,0,1,0,40,0,35-44,male,Other use,3
P811,5.333333333,0.274275937,0,0,-0.39795022,0.136034949,0.896313241,0,1,0,25,0,25-34,male,Other use,3
P812,4.5,0.995222279,0,1,0.733066196,-0.369747453,0.896313241,0,0,0,26,1,25-34,female,Other use,3
P813,5.0,-2.345488408,0,0,-2.546881411,-0.875529854,0.896313241,0,0,0,22,0,18-24,female,Other use,3
P814,5.0,1.03271359,0,1,0.393761271,-0.875529854,0.896313241,0,0,0,32,0,25-34,female,Other use,3
P815,5.333333333,0.46382582,0,1,-0.39795022,-0.875529854,-0.462574528,0,1,0,49,0,45+,male,Other use,2
P816,3.666666667,-0.526756543,1,1,-1.189661712,1.147599753,-0.462574528,0,0,0,23,0,18-24,female,Companion (primary use),2
P817,4.666666667,1.03271359,0,1,0.619964554,0.136034949,0.896313241,0,0,0,33,0,25-34,female,Other use,3
P818,5.666666667,0.023387745,0,0,0.733066196,-0.875529854,-0.462574528,0,1,0,67,0,45+,male,Other use,2
P819,4.833333333,0.924590103,0,1,0.054456346,-0.369747453,-0.462574528,0,1,0,31,0,25-34,male,Other use,2
P820,4.833333333,0.968403873,0,1,0.733066196,0.641817351,0.896313241,0,0,0,25,0,25-34,female,Other use,3
P821,4.5,0.821207748,0,0,0.619964554,0.136034949,0.896313241,0,0,0,26,1,25-34,female,Other use,3
P822,3.833333333,0.556882588,0,1,-0.284848579,-0.369747453,-1.821462297,0,0,0,27,0,25-34,female,Other use,1
P823,3.666666667,0.692684878,0,1,1.185472762,1.147599753,0.896313241,0,0,0,23,0,18-24,female,Other use,3
P824,5.666666667,0.820814083,0,1,0.733066196,1.653382155,0.896313241,0,0,0,43,0,35-44,female,Other use,3
P825,2.666666667,-1.99703831,0,0,-2.773084694,0.136034949,-0.462574528,0,0,0,26,0,25-34,female,Other use,2
P826,2.666666667,0.562472416,0,0,0.280659629,-0.875529854,0.896313241,0,1,0,27,1,25-34,male,Other use,3
P827,6.333333333,0.774358481,0,0,0.280659629,-0.875529854,0.896313241,0,0,0,27,0,25-34,female,Other use,3
P828,6.0,1.118825537,0,1,0.619964554,0.641817351,-1.821462297,1,1,0,33,0,25-34,male,Other use,1
P829,4.0,-0.582538064,0,1,-0.171746937,0.136034949,0.896313241,0,1,0,25,1,25-34,male,Other use,3
P830,4.5,-0.638241064,0,1,0.733066196,-0.369747453,-1.821462297,1,1,0,30,0,25-34,male,Other use,1
P831,5.5,-2.139956238,0,0,-0.737255145,0.641817351,-1.821462297,0,0,0,22,0,18-24,female,Other use,1
P832,7.0,1.204703069,0,0,1.524777687,-0.369747453,-0.462574528,0,1,0,22,1,18-24,male,Other use,2
P833,5.5,-1.982401508,0,0,1.07237112,1.147599753,-1.821462297,0,0,0,22,0,18-24,female,Other use,1
P834,4.5,-0.621708225,1,1,0.280659629,0.641817351,0.896313241,1,1,0,20,1,18-24,male,Companion (primary use),3
P835,2.0,-1.163381529,0,1,0.959269479,-0.369747453,0.896313241,1,1,0,26,1,25-34,male,Other use,3
P836,6.833333333,1.607816857,0,1,0.959269479,-0.875529854,0.896313241,0,1,0,45,0,45+,male,Other use,3
P837,5.166666667,-1.050618027,0,0,-1.642068278,0.136034949,0.896313241,0,0,0,19,1,18-24,female,Other use,3
P838,2.666666667,-0.572820039,0,0,-1.528966636,-0.369747453,0.896313241,1,0,1,22,0,18-24,non-binary,Other use,3
P839,4.5,0.675374675,0,1,0.280659629,2.159164557,0.896313241,0,1,0,33,0,25-34,male,Other use,3
P840,6.833333333,0.352978206,0,1,0.054456346,1.653382155,0.896313241,1,0,0,43,0,35-44,female,Other use,3
P841,4.833333333,-0.173410005,0,1,0.619964554,-0.875529854,0.896313241,1,0,0,21,1,18-24,female,Other use,3
P842,6.166666667,0.250090712,0,0,1.524777687,0.136034949,0.896313241,1,1,0,37,0,35-44,male,Other use,3
P843,4.833333333,-2.345488408,0,1,-0.624153504,0.136034949,-0.462574528,1,1,0,20,1,18-24,male,Other use,2
P844,5.166666667,0.930093162,0,1,0.506862912,-0.369747453,-0.462574528,0,1,0,40,0,35-44,male,Other use,2
P845,3.666666667,-0.845498967,0,1,0.393761271,-0.369747453,0.896313241,1,1,0,19,1,18-24,male,Other use,3
P846,3.833333333,1.295967659,0,1,1.298574404,-1.887094658,-0.462574528,1,0,0,28,1,25-34,female,Other use,2
P847,4.166666667,0.825831794,0,1,1.07237112,-0.875529854,-1.821462297,1,1,0,54,1,45+,male,Other use,1
P848,2.0,0.398401555,0,1,0.280659629,0.136034949,-1.821462297,0,0,0,27,0,25-34,female,Other use,1
P849,4.666666667,-0.930589735,1,1,0.506862912,-0.369747453,0.896313241,0,1,0,23,0,18-24,male,Companion (primary use),3
P850,5.333333333,-2.168945843,0,0,-0.624153504,0.641817351,-0.462574528,1,0,0,37,0,35-44,female,Other use,2
P851,6.0,0.796707517,0,0,0.280659629,-0.369747453,0.896313241,0,1,0,20,0,18-24,male,Other use,3
P852,6.0,0.896506191,0,0,0.393761271,-0.875529854,0.896313241,0,0,0,22,0,18-24,female,Other use,3
P853,5.5,1.147009097,0,0,0.846167837,-0.369747453,-0.462574528,0,1,0,23,0,18-24,male,Other use,2
P854,6.0,1.184937987,0,0,0.280659629,1.147599753,0.896313241,0,0,0,36,0,35-44,female,Other use,3
P855,4.5,0.23045265,0,0,-0.39795022,-0.369747453,-0.462574528,0,0,0,21,1,18-24,female,Other use,2
P856,7.0,1.264880695,0,0,1.185472762,-0.875529854,0.896313241,0,1,0,23,0,18-24,male,Other use,3
P857,4.0,-0.259012396,0,0,-1.07656007,0.136034949,-1.821462297,1,0,0,26,1,25-34,female,Other use,1
P858,4.5,0.597110845,0,0,0.054456346,1.147599753,-0.462574528,0,1,0,20,1,18-24,male,Other use,2
P859,6.0,1.388678523,0,0,0.506862912,-0.875529854,0.896313241,0,1,0,42,0,35-44,male,Other use,3
P860,5.333333333,0.655859052,0,1,0.733066196,0.136034949,-1.821462297,1,0,0,64,0,45+,female,Other use,1
P861,5.833333333,1.167328384,0,0,0.280659629,0.641817351,0.896313241,0,1,0,25,1,25-34,male,Other use,3
P862,4.0,0.360449405,1,1,-0.624153504,0.136034949,0.896313241,0,1,0,20,0,18-24,male,Companion (primary use),3
P863,5.5,0.773539081,0,0,0.733066196,0.136034949,-0.462574528,0,1,0,38,1,35-44,male,Other use,2
P864,5.833333333,1.387968726,0,0,0.506862912,-0.369747453,0.896313241,0,1,0,18,0,18-24,male,Other use,3
P865,5.166666667,0.480168444,0,0,0.733066196,-0.369747453,0.896313241,0,0,0,43,0,35-44,female,Other use,3
P866,4.833333333,0.295931856,0,0,-0.171746937,1.147599753,0.896313241,0,0,0,26,0,25-34,female,Other use,3
P867,6.333333333,-0.018755027,0,1,-0.850356787,0.641817351,0.896313241,0,1,0,56,0,45+,male,Other use,3
P868,2.166666667,-0.457408124,0,0,0.167557988,0.136034949,-1.821462297,0,0,0,33,1,25-34,female,Other use,1
P869,7.0,1.619538106,0,1,1.524777687,0.641817351,-0.462574528,0,1,0,27,0,25-34,male,Other use,2
P870,6.166666667,0.290799625,0,1,0.959269479,-0.369747453,0.896313241,0,0,1,27,0,25-34,non-binary,Other use,3
P871,5.166666667,0.878884685,1,1,1.411676045,-1.381312256,-0.462574528,0,1,0,28,0,25-34,male,Companion (primary use),2
P872,4.666666667,0.148735731,0,1,0.054456346,0.136034949,0.896313241,0,1,0,24,0,18-24,male,Other use,3
P873,5.0,1.905872512,0,0,1.524777687,3.170729361,0.896313241,0,0,0,24,1,18-24,female,Other use,3
P874,5.333333333,1.459725719,0,1,1.524777687,-0.875529854,0.896313241,0,1,0,23,0,18-24,male,Other use,3
P875,4.5,-1.737069544,0,0,-3.225491261,-1.887094658,0.896313241,0,0,0,21,0,18-24,female,Other use,3
P876,4.0,0.21960101,0,1,-0.850356787,-0.369747453,-0.462574528,0,0,0,21,0,18-24,female,Other use,2
P877,6.166666667,0.609092432,0,1,0.959269479,0.136034949,0.896313241,0,0,0,30,0,25-34,female,Other use,3
P878,5.0,-0.651972698,0,1,-0.511051862,1.147599753,0.896313241,0,0,0,20,0,18-24,female,Other use,3
P879,6.5,-1.593466723,0,0,-2.433779769,2.159164557,-0.462574528,0,1,0,33,0,25-34,male,Other use,2
P880,6.166666667,1.085781554,0,0,0.167557988,3.170729361,0.896313241,0,1,0,66,0,45+,male,Other use,3
P881,6.666666667,1.607816857,0,0,-0.511051862,-0.875529854,0.896313241,0,0,0,51,0,45+,female,Other use,3
P882,6.5,0.148735731,0,1,0.054456346,0.136034949,0.896313241,0,1,0,29,1,25-34,male,Other use,3
P883,4.0,-0.267741753,0,0,-1.07656007,-1.381312256,0.896313241,0,1,0,24,1,18-24,male,Other use,3
P884,4.333333333,-0.954976688,0,0,-1.415864995,0.641817351,0.896313241,0,0,0,22,1,18-24,female,Other use,3
P885,6.0,-0.218389722,0,1,-3.112389619,0.641817351,-0.462574528,0,1,0,46,1,45+,male,Other use,2
P886,5.666666667,0.37444204,1,0,1.298574404,-0.369747453,0.896313241,0,0,0,45,0,45+,female,Companion (primary use),3
P887,4.166666667,0.976132072,0,1,0.733066196,0.136034949,0.896313241,0,0,0,29,0,25-34,female,Other use,3
P888,3.5,-0.801143782,0,0,0.054456346,-0.875529854,-1.821462297,0,0,0,22,0,18-24,female,Other use,1
P889,6.333333333,0.663003633,1,1,1.524777687,-0.875529854,0.896313241,0,0,0,22,1,18-24,female,Companion (primary use),3
P890,5.833333333,0.586634315,0,0,0.959269479,1.147599753,-1.821462297,1,0,0,28,0,25-34,female,Other use,1
P891,6.333333333,1.551246934,0,0,-1.981373203,-1.887094658,0.896313241,0,0,0,21,1,18-24,female,Other use,3
P892,6.5,0.630361494,0,1,1.07237112,1.653382155,-0.462574528,1,0,0,24,0,18-24,female,Other use,2
P893,4.333333333,0.091691839,0,1,0.280659629,0.136034949,-0.462574528,0,0,0,19,1,18-24,female,Other use,2
P894,4.666666667,-0.424648357,0,1,-0.284848579,-0.369747453,0.896313241,1,1,0,24,0,18-24,male,Other use,3
P895,4.666666667,0.446568012,0,1,0.733066196,-1.381312256,-0.462574528,0,1,0,33,1,25-34,male,Other use,2
P896,3.166666667,0.474489356,0,0,0.506862912,-1.887094658,0.896313241,0,0,0,33,1,25-34,female,Other use,3
P897,3.333333333,-0.712257822,0,0,0.054456346,0.641817351,-0.462574528,0,0,0,18,1,18-24,female,Other use,2
P898,4.0,-0.532554138,0,1,-0.284848579,1.653382155,-0.462574528,0,0,0,19,1,18-24,female,Other use,2
P899,4.666666667,0.126295056,1,1,1.524777687,-0.875529854,-0.462574528,0,0,0,28,0,25-34,female,Companion (primary use),2
P900,6.166666667,0.891415098,0,0,-1.642068278,0.136034949,0.896313241,0,1,0,24,0,18-24,male,Other use,3
P901,4.166666667,0.024997239,0,0,0.393761271,-1.381312256,-0.462574528,1,0,0,52,1,45+,female,Other use,2
P902,4.0,-1.784646089,0,1,-1.981373203,0.136034949,-0.462574528,1,0,0,31,1,25-34,female,Other use,2
P903,5.166666667,-0.871182469,0,0,-0.737255145,1.653382155,0.896313241,1,1,0,18,0,18-24,male,Other use,3
P904,2.833333333,-1.032441742,0,1,0.846167837,-0.875529854,0.896313241,0,0,0,24,1,18-24,female,Other use,3
P905,5.833333333,-0.821718191,0,0,-0.850356787,-1.887094658,-0.462574528,0,0,0,19,1,18-24,female,Other use,2
P906,5.166666667,0.26613796,0,1,-0.284848579,-0.369747453,-0.462574528,0,1,0,19,1,18-24,male,Other use,2
P907,2.166666667,-0.590341877,0,1,0.280659629,-1.381312256,0.896313241,1,1,0,33,0,25-34,male,Other use,3
P908,3.5,-0.738208957,0,1,0.280659629,-1.381312256,-0.462574528,0,0,0,25,0,25-34,female,Other use,2
P909,2.666666667,-1.832428004,0,1,-1.528966636,-0.369747453,-0.462574528,0,0,0,22,1,18-24,female,Other use,2
P910,5.5,-2.175736157,0,0,-1.302763353,0.641817351,-1.821462297,0,0,0,20,1,18-24,female,Other use,1
P911,5.0,-0.449743283,0,1,0.167557988,-0.875529854,-1.821462297,1,0,0,19,1,18-24,female,Other use,1
P912,4.166666667,0.993182773,0,1,0.280659629,0.136034949,-0.462574528,0,0,0,23,0,18-24,female,Other use,2
P913,6.166666667,1.31708761,0,1,0.959269479,1.653382155,0.896313241,0,1,0,45,0,45+,male,Other use,3
P914,4.833333333,-2.175736157,0,0,-0.284848579,0.136034949,0.896313241,1,1,0,26,1,25-34,male,Other use,3
P915,4.833333333,0.563570767,0,1,-0.058645296,-0.369747453,-0.462574528,0,0,0,38,0,35-44,female,Other use,2
P916,6.166666667,0.548292871,0,0,0.054456346,0.136034949,-0.462574528,0,1,0,38,1,35-44,male,Other use,2
P917,6.833333333,-0.885405082,1,1,0.846167837,0.641817351,-0.462574528,1,1,0,26,0,25-34,male,Companion (primary use),2
P918,4.833333333,-1.257471071,0,0,-0.39795022,-0.369747453,-0.462574528,0,1,0,32,1,25-34,male,Other use,2
P919,4.5,-0.801767653,0,0,1.185472762,-0.369747453,-0.462574528,0,1,0,42,0,35-44,male,Other use,2
P920,3.833333333,-1.190699837,0,0,-1.75516992,0.136034949,-0.462574528,1,1,0,24,0,18-24,male,Other use,2
P921,4.833333333,-0.878115084,0,1,0.959269479,-0.369747453,-0.462574528,1,1,0,40,0,35-44,male,Other use,2
P922,4.833333333,-0.787735256,0,0,-1.302763353,1.147599753,0.896313241,0,1,0,18,1,18-24,male,Other use,3
P923,5.333333333,0.995222279,1,1,0.733066196,1.147599753,-1.821462297,0,0,0,50,0,45+,female,Companion (primary use),1
P924,4.666666667,-0.824425993,0,1,-1.07656007,-0.875529854,-0.462574528,0,1,0,19,0,18-24,male,Other use,2
P925,4.333333333,-0.513652833,0,0,-1.868271561,1.147599753,-1.821462297,0,1,0,34,1,25-34,male,Other use,1
P926,2.333333333,0.203479596,1,1,0.846167837,-0.875529854,0.896313241,0,0,1,36,1,35-44,non-binary,Companion (primary use),3
P927,3.166666667,1.511444803,1,1,0.846167837,-0.369747453,-0.462574528,0,0,1,27,0,25-34,non-binary,Companion (primary use),2
P928,6.333333333,1.849258387,0,0,-0.171746937,-1.381312256,0.896313241,0,0,0,59,1,45+,female,Other use,3
P929,5.833333333,0.424225801,0,0,-0.624153504,-0.875529854,0.896313241,0,1,0,39,0,35-44,male,Other use,3
P930,6.0,0.441216441,0,0,0.733066196,1.147599753,-0.462574528,0,0,0,54,0,45+,female,Other use,2
P931,3.333333333,-1.086297408,1,1,-0.171746937,-1.381312256,-0.462574528,0,0,0,18,0,18-24,female,Companion (primary use),2
P932,3.666666667,-0.253650714,0,0,-2.094474844,-0.875529854,0.896313241,0,0,0,44,0,35-44,female,Other use,3
P933,4.666666667,-0.880932357,0,1,1.185472762,-0.875529854,-0.462574528,0,0,0,22,0,18-24,female,Other use,2
P934,6.5,-0.303309595,0,0,0.506862912,0.641817351,-1.821462297,1,1,0,35,0,35-44,male,Other use,1
P935,5.5,-1.200906332,0,0,-0.624153504,0.641817351,-1.821462297,0,0,1,21,1,18-24,non-binary,Other use,1
P936,5.333333333,0.977101282,0,1,-0.058645296,1.147599753,0.896313241,0,1,0,29,1,25-34,male,Other use,3
P937,4.666666667,0.488098957,0,0,-0.171746937,-0.369747453,-0.462574528,0,0,0,32,0,25-34,female,Other use,2
P938,3.833333333,0.992267359,0,1,-0.284848579,3.170729361,-0.462574528,0,1,0,43,0,35-44,male,Other use,2
P939,4.833333333,0.662239962,0,1,0.054456346,2.159164557,0.896313241,0,1,0,23,1,18-24,male,Other use,3
P940,4.5,0.399803898,0,0,-0.284848579,-0.369747453,0.896313241,0,0,0,29,1,25-34,female,Other use,3
P941,5.833333333,0.445912904,1,0,-1.302763353,0.641817351,0.896313241,0,0,0,48,0,45+,female,Companion (primary use),3
P942,5.666666667,0.715269224,0,1,-0.39795022,-0.369747453,-0.462574528,0,1,0,30,0,25-34,male,Other use,2
P943,3.833333333,0.911972165,0,1,-0.624153504,-0.369747453,-0.462574528,0,0,0,20,1,18-24,female,Other use,2
P944,2.333333333,1.568976276,0,1,1.524777687,-1.887094658,0.896313241,0,1,0,26,0,25-34,male,Other use,3
P945,5.666666667,1.056195002,0,1,1.185472762,-0.369747453,-0.462574528,0,1,0,23,1,18-24,male,Other use,2
P946,5.333333333,0.745196868,0,1,1.298574404,0.641817351,-0.462574528,0,1,0,27,1,25-34,male,Other use,2
P947,4.333333333,-0.919487586,0,1,-1.302763353,-0.369747453,-0.462574528,0,0,0,38,0,35-44,female,Other use,2
P948,6.5,-0.029605419,0,0,0.959269479,0.641817351,0.896313241,0,1,0,22,0,18-24,male,Other use,3
P949,7.0,0.508883083,0,1,-0.284848579,0.641817351,-0.462574528,0,0,0,31,0,25-34,female,Other use,2
P950,6.166666667,0.054128188,0,1,-0.511051862,0.136034949,-1.821462297,0,1,0,57,1,45+,male,Other use,1
P951,6.666666667,-0.394706275,0,1,1.411676045,0.641817351,-0.462574528,0,0,1,43,1,35-44,non-binary,Other use,2
P952,5.333333333,0.358786971,0,1,1.07237112,-1.381312256,0.896313241,1,0,0,18,1,18-24,female,Other use,3
P953,5.5,1.186767008,1,1,0.619964554,-0.369747453,-0.462574528,0,0,1,25,0,25-34,non-binary,Companion (primary use),2
P954,6.0,0.625337529,0,0,0.393761271,1.653382155,-1.821462297,0,1,0,54,0,45+,male,Other use,1
P955,6.5,0.19771382,0,1,0.054456346,1.653382155,-1.821462297,0,0,0,41,0,35-44,female,Other use,1
P956,6.0,1.733712291,0,1,1.524777687,1.653382155,0.896313241,0,1,0,30,0,25-34,male,Other use,3
P957,5.833333333,-0.351986811,0,0,-0.737255145,0.136034949,0.896313241,0,1,0,40,0,35-44,male,Other use,3
P958,6.166666667,1.327595028,0,0,0.393761271,0.136034949,-0.462574528,0,0,0,31,0,25-34,female,Other use,2
P959,2.0,-0.063699366,1,1,-0.058645296,-0.369747453,-0.462574528,0,0,0,22,1,18-24,female,Companion (primary use),2
P960,3.666666667,0.47462366,0,1,0.054456346,0.136034949,0.896313241,0,0,0,24,1,18-24,female,Other use,3
P961,4.833333333,1.31708761,0,1,0.506862912,0.641817351,-1.821462297,0,1,0,31,0,25-34,male,Other use,1
P962,6.166666667,1.237275288,0,1,0.733066196,-0.369747453,0.896313241,1,0,0,64,0,45+,female,Other use,3
P963,6.166666667,0.841056121,0,0,0.167557988,0.641817351,-1.821462297,0,0,0,34,0,25-34,female,Other use,1
P964,6.166666667,0.373231846,0,0,-0.39795022,0.136034949,0.896313241,0,0,0,34,0,25-34,female,Other use,3
P965,5.666666667,-2.174265835,0,0,-2.094474844,0.136034949,-0.462574528,0,0,1,19,1,18-24,non-binary,Other use,2
P966,6.166666667,-0.135184535,0,1,0.393761271,0.136034949,-0.462574528,0,1,0,22,1,18-24,male,Other use,2
P967,4.166666667,0.257986358,0,1,0.280659629,-0.369747453,-0.462574528,0,1,0,21,0,18-24,male,Other use,2
P968,4.166666667,-0.186634726,0,1,-0.058645296,-1.381312256,0.896313241,0,1,0,33,0,25-34,male,Other use,3
P969,4.833333333,0.194237853,0,0,0.619964554,-0.369747453,0.896313241,1,0,0,26,1,25-34,female,Other use,3
P970,4.333333333,-1.263608523,0,0,-1.302763353,1.147599753,-0.462574528,1,0,0,18,1,18-24,female,Other use,2
P971,4.833333333,-0.552753698,0,0,-1.981373203,0.136034949,0.896313241,0,0,0,29,1,25-34,female,Other use,3
P972,5.833333333,-1.08148998,1,0,-2.999287977,1.147599753,0.896313241,0,1,0,25,0,25-34,male,Companion (primary use),3
P973,6.166666667,0.915421626,0,1,0.506862912,0.641817351,0.896313241,0,1,0,25,0,25-34,male,Other use,3
P974,6.333333333,-0.427755212,0,0,-1.07656007,0.641817351,-0.462574528,0,0,0,44,1,35-44,female,Other use,2
P975,5.333333333,0.813783457,1,1,0.167557988,-0.875529854,0.896313241,0,0,0,24,1,18-24,female,Companion (primary use),3
P976,4.5,0.47462366,0,0,0.280659629,0.641817351,0.896313241,0,1,0,36,0,35-44,male,Other use,3
P977,6.0,0.807524548,0,1,0.733066196,0.136034949,0.896313241,0,0,0,39,0,35-44,female,Other use,3
P978,6.0,-1.071611697,0,0,-0.171746937,1.147599753,-0.462574528,1,0,0,39,0,35-44,female,Other use,2
P979,6.0,1.475730922,0,1,0.733066196,0.641817351,0.896313241,0,1,0,22,1,18-24,male,Other use,3
P980,4.666666667,-0.966152857,0,1,0.619964554,0.641817351,0.896313241,0,0,0,21,0,18-24,female,Other use,3
P981,6.333333333,-0.015923276,0,0,-1.189661712,-0.369747453,-0.462574528,0,1,0,27,0,25-34,male,Other use,2
P982,6.333333333,-0.051703969,0,0,-1.981373203,1.653382155,0.896313241,0,0,0,36,0,35-44,female,Other use,3
P983,4.0,-0.824198899,0,0,-1.189661712,-0.875529854,0.896313241,1,0,0,23,0,18-24,female,Other use,3
P984,6.0,-0.468874685,0,0,-0.850356787,0.136034949,0.896313241,0,1,0,33,0,25-34,male,Other use,3
P985,5.166666667,-0.150032395,0,0,1.185472762,0.641817351,-0.462574528,0,0,0,25,1,25-34,female,Other use,2
P986,5.5,-0.130492639,0,0,-0.737255145,0.136034949,0.896313241,0,0,0,19,1,18-24,female,Other use,3
P987,4.833333333,0.940801068,0,1,0.959269479,-1.381312256,-1.821462297,0,1,0,30,0,25-34,male,Other use,1
P988,5.333333333,0.513475712,0,1,1.185472762,-0.875529854,-1.821462297,0,1,0,71,0,45+,male,Other use,1
P989,5.0,-1.966119589,0,1,-0.511051862,-0.369747453,-1.821462297,1,0,1,21,0,18-24,non-binary,Other use,1
P990,4.166666667,-0.950527463,0,0,-0.737255145,0.136034949,0.896313241,1,0,0,23,1,18-24,female,Other use,3
P991,5.833333333,-0.461112,0,0,-0.737255145,1.653382155,-1.821462297,0,0,0,19,1,18-24,female,Other use,1
P992,6.166666667,1.607816857,1,1,-0.171746937,2.159164557,0.896313241,0,1,0,36,0,35-44,male,Companion (primary use),3
P993,4.666666667,0.397942621,0,0,-0.737255145,0.641817351,0.896313241,0,1,0,32,0,25-34,male,Other use,3
P994,6.0,-1.784646089,0,1,-1.189661712,2.159164557,0.896313241,0,0,0,20,1,18-24,female,Other use,3
P995,4.666666667,1.070162896,0,0,0.506862912,1.653382155,0.896313241,0,1,0,36,0,35-44,male,Other use,3
P996,3.5,-0.574804367,0,0,0.393761271,-0.875529854,-1.821462297,0,1,0,29,0,25-34,male,Other use,1
P997,6.666666667,0.632690616,0,1,0.054456346,0.136034949,0.896313241,0,1,0,22,1,18-24,male,Other use,3
P998,6.0,0.999762203,0,1,-0.737255145,0.136034949,0.896313241,0,1,0,21,0,18-24,male,Other use,3
P999,4.333333333,0.966777878,0,0,-1.981373203,-0.875529854,0.896313241,0,0,0,34,0,25-34,female,Other use,3
P1000,5.5,-0.966023225,0,1,-1.868271561,-0.369747453,-0.462574528,0,0,0,23,0,18-24,female,Other use,2
P1001,6.333333333,1.288937409,0,1,1.411676045,0.136034949,0.896313241,0,0,0,20,0,18-24,female,Other use,3
P1002,4.833333333,0.923261178,0,0,0.280659629,0.641817351,0.896313241,0,1,0,24,0,18-24,male,Other use,3
P1003,3.5,0.21960101,1,1,0.393761271,-1.887094658,0.896313241,0,0,0,22,1,18-24,female,Companion (primary use),3
P1004,6.166666667,1.131156377,0,1,0.959269479,-0.875529854,-0.462574528,0,1,0,39,0,35-44,male,Other use,2
P1005,5.333333333,0.065329235,0,0,-0.058645296,0.136034949,-0.462574528,0,1,0,26,1,25-34,male,Other use,2
P1006,4.833333333,-0.082702289,0,0,0.506862912,-0.369747453,-0.462574528,0,1,0,37,1,35-44,male,Other use,2
P1007,5.666666667,1.562923981,0,1,-0.058645296,-0.369747453,0.896313241,0,1,0,21,0,18-24,male,Other use,3
P1008,4.5,0.973068732,0,1,-0.284848579,1.147599753,0.896313241,0,1,0,22,0,18-24,male,Other use,3
P1009,5.333333333,-0.912227697,0,0,0.393761271,3.170729361,-0.462574528,0,0,0,24,0,18-24,female,Other use,2
P1010,3.333333333,1.443308006,0,1,0.846167837,-0.369747453,-1.821462297,0,1,0,21,1,18-24,male,Other use,1
P1011,7.0,-2.557880628,0,1,-3.225491261,1.147599753,-0.462574528,0,1,0,30,0,25-34,male,Other use,2
P1012,6.666666667,1.405784018,0,1,1.411676045,1.147599753,0.896313241,0,1,0,52,0,45+,male,Other use,3
P1013,6.5,0.058545117,0,1,0.733066196,0.641817351,0.896313241,0,1,0,34,0,25-34,male,Other use,3
P1014,4.833333333,-1.537386003,0,0,-2.433779769,0.641817351,-0.462574528,0,0,0,55,0,45+,female,Other use,2
P1015,4.5,0.773539081,0,1,-0.511051862,1.147599753,0.896313241,0,1,0,39,0,35-44,male,Other use,3
P1016,4.166666667,-0.057425544,0,0,-0.850356787,-0.369747453,-1.821462297,0,1,0,46,1,45+,male,Other use,1
P1017,4.0,0.003689935,0,1,0.393761271,-0.875529854,-1.821462297,0,0,0,47,0,45+,female,Other use,1
P1018,3.666666667,-1.719390261,0,0,-1.528966636,1.653382155,-0.462574528,0,1,0,25,0,25-34,male,Other use,2
P1019,4.833333333,1.158791915,0,0,0.506862912,-0.875529854,0.896313241,0,1,0,20,0,18-24,male,Other use,3
P1020,4.5,1.260001136,0,1,0.280659629,0.641817351,0.896313241,0,1,0,24,0,18-24,male,Other use,3
P1021,4.666666667,0.067346362,0,0,0.054456346,-0.369747453,0.896313241,0,1,0,32,0,25-34,male,Other use,3
P1022,3.666666667,0.030548644,0,1,-0.624153504,1.147599753,0.896313241,1,0,0,23,0,18-24,female,Other use,3
P1023,6.0,0.479582527,0,1,0.280659629,0.136034949,0.896313241,0,1,0,30,0,25-34,male,Other use,3
P1024,5.0,0.32873359,0,0,-0.511051862,-0.369747453,-0.462574528,0,1,0,23,0,18-24,male,Other use,2
P1025,4.5,-1.265255841,0,0,-0.284848579,0.641817351,0.896313241,1,0,0,19,1,18-24,female,Other use,3
P1026,3.666666667,-0.758855699,0,0,-1.302763353,0.641817351,0.896313241,0,0,0,37,0,35-44,female,Other use,3
P1027,2.166666667,-1.159487506,0,1,-1.07656007,-0.875529854,-0.462574528,0,0,1,23,0,18-24,non-binary,Other use,2
P1028,5.0,0.878583378,0,1,0.619964554,-0.875529854,0.896313241,0,0,0,26,0,25-34,female,Other use,3
P1029,1.833333333,-2.557880628,0,0,-1.868271561,-0.875529854,-0.462574528,0,1,0,26,1,25-34,male,Other use,2
P1030,6.0,0.939682201,0,0,-0.171746937,-0.369747453,0.896313241,0,1,0,26,0,25-34,male,Other use,3
P1031,6.833333333,-0.724941119,0,0,-1.415864995,-0.875529854,0.896313241,0,1,0,19,1,18-24,male,Other use,3
P1032,4.166666667,0.932217474,0,1,-0.624153504,2.159164557,0.896313241,0,1,0,42,0,35-44,male,Other use,3
P1033,4.5,1.141741284,0,1,1.185472762,-0.369747453,-0.462574528,0,0,0,20,1,18-24,female,Other use,2
P1034,4.666666667,0.967597278,0,0,0.054456346,-0.875529854,0.896313241,0,0,0,27,0,25-34,female,Other use,3
P1035,4.666666667,0.487406031,0,0,0.393761271,-0.875529854,-0.462574528,1,1,0,32,0,25-34,male,Other use,2
P1036,3.166666667,-2.557880628,0,0,-0.624153504,-0.369747453,-0.462574528,1,1,0,32,0,25-34,male,Other use,2
P1037,5.833333333,0.372936627,1,1,0.733066196,2.159164557,-0.462574528,1,0,0,40,1,35-44,female,Companion (primary use),2
P1038,5.5,1.077302092,0,0,0.054456346,-0.875529854,0.896313241,0,1,0,34,0,25-34,male,Other use,3
P1039,2.666666667,-1.175769426,0,0,-0.058645296,-0.369747453,0.896313241,0,0,0,26,0,25-34,female,Other use,3
P1040,2.833333333,-0.566481747,0,1,0.280659629,0.136034949,-0.462574528,0,0,0,31,1,25-34,female,Other use,2
P1041,4.5,-1.42155919,0,0,-0.850356787,-1.887094658,-0.462574528,0,1,0,24,1,18-24,male,Other use,2
P1042,5.5,1.032940683,0,1,0.054456346,1.653382155,-1.821462297,0,0,0,25,0,25-34,female,Other use,1
P1043,5.833333333,0.1239658,0,1,0.506862912,0.136034949,0.896313241,0,0,0,21,1,18-24,female,Other use,3
P1044,5.5,0.801020277,0,1,0.959269479,-0.369747453,-0.462574528,1,0,0,33,0,25-34,female,Other use,2
P1045,5.333333333,0.072404885,0,0,-0.058645296,0.136034949,0.896313241,0,1,0,24,1,18-24,male,Other use,3
P1046,5.833333333,1.092466563,0,1,-0.39795022,-0.875529854,0.896313241,0,1,0,45,0,45+,male,Other use,3
P1047,4.5,-1.784646089,0,0,-0.737255145,-0.875529854,0.896313241,0,0,0,23,1,18-24,female,Other use,3
P1048,5.666666667,-1.513558816,1,1,1.524777687,0.641817351,0.896313241,1,1,0,22,1,18-24,male,Companion (primary use),3
P1049,4.166666667,-0.283873105,0,0,-0.39795022,-0.369747453,-0.462574528,0,1,0,27,0,25-34,male,Other use,2
P1050,2.333333333,-1.165119815,0,1,0.054456346,-0.875529854,0.896313241,0,0,0,22,0,18-24,female,Other use,3
P1051,4.833333333,1.049660024,0,0,0.619964554,-0.369747453,0.896313241,0,1,0,29,0,25-34,male,Other use,3
P1052,2.333333333,-2.448175814,0,0,-1.868271561,-1.887094658,0.896313241,0,1,0,34,1,25-34,male,Other use,3
P1053,2.666666667,-1.596242375,0,1,-0.171746937,0.136034949,-0.462574528,0,0,0,25,1,25-34,female,Other use,2
P1054,5.166666667,-2.448175814,0,0,-0.39795022,1.147599753,0.896313241,1,1,0,25,0,25-34,male,Other use,3
P1055,3.5,0.627976697,0,0,0.054456346,0.136034949,-0.462574528,0,0,0,33,1,25-34,female,Other use,2
P1056,2.5,-0.660126234,0,1,1.185472762,-0.875529854,0.896313241,1,0,0,32,1,25-34,female,Other use,3
P1057,3.166666667,0.083770907,0,0,-0.058645296,-0.369747453,-1.821462297,0,0,0,46,0,45+,female,Other use,1
P1058,5.5,0.862928704,0,1,-0.511051862,0.136034949,-0.462574528,0,0,0,24,0,18-24,female,Other use,2
P1059,5.666666667,-0.519816819,0,1,0.959269479,0.641817351,-0.462574528,1,0,0,31,1,25-34,female,Other use,2
P1060,6.0,1.186539914,0,1,1.07237112,-0.369747453,0.896313241,0,0,0,23,0,18-24,female,Other use,3
P1061,6.666666667,1.660907546,1,1,-0.058645296,-1.381312256,0.896313241,0,1,0,55,1,45+,male,Companion (primary use),3
P1062,6.333333333,0.845588119,0,0,1.07237112,0.641817351,0.896313241,0,1,0,32,0,25-34,male,Other use,3
P1063,5.5,-1.020144482,0,0,-1.981373203,0.136034949,-0.462574528,0,1,0,32,0,25-34,male,Other use,2
P1064,6.0,1.077062193,0,1,0.959269479,1.147599753,0.896313241,0,0,0,49,0,45+,female,Other use,3
P1065,3.333333333,-0.147132878,0,0,0.733066196,-1.887094658,-0.462574528,0,0,0,22,1,18-24,female,Other use,2
P1066,4.333333333,0.072404885,0,1,-0.511051862,-0.369747453,-1.821462297,0,0,0,25,1,25-34,female,Other use,1
P1067,3.833333333,-0.637545137,0,0,-0.737255145,-1.381312256,-0.462574528,0,0,0,18,0,18-24,female,Other use,2
P1068,5.166666667,1.361021438,0,0,0.619964554,1.147599753,0.896313241,0,1,0,25,0,25-34,male,Other use,3
P1069,4.5,0.016590107,0,1,0.959269479,0.641817351,0.896313241,0,0,0,22,1,18-24,female,Other use,3
P1070,4.5,-1.466495717,0,0,-2.546881411,2.159164557,-0.462574528,0,1,0,22,0,18-24,male,Other use,2
P1071,3.166666667,-0.014926889,0,1,0.506862912,0.136034949,0.896313241,0,0,0,24,1,18-24,female,Other use,3
P1072,6.0,-0.769757376,0,0,-1.642068278,1.147599753,-1.821462297,0,1,0,42,0,35-44,male,Other use,1
P1073,1.833333333,-0.154309461,0,0,-0.624153504,-1.887094658,-0.462574528,0,1,0,24,1,18-24,male,Other use,2
P1074,3.833333333,-1.414962476,0,1,0.959269479,-0.875529854,0.896313241,0,0,0,51,0,45+,female,Other use,3
P1075,6.0,-2.064561021,0,0,-2.433779769,0.136034949,-1.821462297,0,0,0,23,1,18-24,female,Other use,1
P1076,7.0,1.369887518,0,0,1.411676045,1.147599753,0.896313241,0,1,0,26,0,25-34,male,Other use,3
P1077,5.5,0.655859052,0,0,0.054456346,-0.369747453,0.896313241,0,1,0,26,1,25-34,male,Other use,3
P1078,6.833333333,0.933945537,0,1,-0.850356787,1.147599753,0.896313241,0,1,0,31,0,25-34,male,Other use,3
P1079,4.833333333,0.982706896,0,1,0.619964554,-0.369747453,0.896313241,0,1,0,24,1,18-24,male,Other use,3
P1080,5.0,0.575111277,0,1,0.280659629,0.136034949,-0.462574528,0,1,0,18,1,18-24,male,Other use,2
P1081,7.0,1.905872512,0,1,1.524777687,1.653382155,0.896313241,0,0,0,20,0,18-24,female,Other use,3
P1082,5.5,0.179447189,0,1,0.054456346,-0.369747453,0.896313241,0,1,0,22,0,18-24,male,Other use,3
P1083,5.166666667,0.319915427,0,1,-0.171746937,0.136034949,0.896313241,0,0,0,32,1,25-34,female,Other use,3
P1084,2.833333333,-1.126948872,0,1,-1.75516992,-0.369747453,0.896313241,1,0,1,40,0,35-44,non-binary,Other use,3
P1085,4.833333333,1.052820721,0,0,1.524777687,-0.369747453,-0.462574528,0,0,0,26,0,25-34,female,Other use,2
P1086,6.333333333,1.428752811,0,1,0.733066196,3.170729361,0.896313241,0,1,0,20,1,18-24,male,Other use,3
P1087,6.166666667,0.229483505,0,0,-0.511051862,0.136034949,0.896313241,0,0,0,24,1,18-24,female,Other use,3
P1088,5.0,0.628254496,0,1,0.393761271,-0.369747453,-1.821462297,0,0,0,21,1,18-24,female,Other use,1
P1089,5.0,0.518776775,0,1,-0.511051862,0.641817351,-1.821462297,0,1,0,26,1,25-34,male,Other use,1
P1090,4.5,0.22407038,0,1,-0.850356787,0.641817351,-1.821462297,0,0,0,32,1,25-34,female,Other use,1
P1091,6.166666667,0.427224634,0,1,0.846167837,-0.369747453,0.896313241,0,1,0,44,0,35-44,male,Other use,3
P1092,6.5,1.397314839,0,1,0.393761271,0.641817351,0.896313241,0,1,0,57,0,45+,male,Other use,3
P1093,6.0,0.54068754,0,0,0.393761271,0.136034949,0.896313241,0,1,0,26,1,25-34,male,Other use,3
P1094,4.666666667,0.933997502,0,1,1.524777687,1.147599753,0.896313241,0,0,0,29,0,25-34,female,Other use,3
P1095,5.5,0.104290769,0,0,0.733066196,-0.875529854,0.896313241,0,1,0,31,0,25-34,male,Other use,3
P1096,6.166666667,-2.157982425,0,0,-0.737255145,1.147599753,-1.821462297,0,0,0,18,0,18-24,female,Other use,1
P1097,6.666666667,-1.386006364,0,0,-0.850356787,1.147599753,0.896313241,1,0,1,20,1,18-24,non-binary,Other use,3
P1098,5.833333333,-0.679027357,0,0,-0.284848579,1.147599753,-1.821462297,0,0,0,42,1,35-44,female,Other use,1
P1099,5.333333333,-0.081956762,0,1,0.506862912,0.136034949,0.896313241,0,1,0,25,0,25-34,male,Other use,3
P1100,4.833333333,1.09688108,1,1,1.07237112,-0.369747453,0.896313241,0,0,0,23,0,18-24,female,Companion (primary use),3
P1101,7.0,1.227823405,0,0,0.280659629,1.147599753,0.896313241,0,1,0,37,1,35-44,male,Other use,3
P1102,4.833333333,0.859669302,0,1,0.393761271,0.136034949,-0.462574528,0,0,0,21,0,18-24,female,Other use,2
P1103,5.0,0.917229362,0,1,0.167557988,-0.369747453,0.896313241,0,0,0,23,0,18-24,female,Other use,3
P1104,3.5,-0.119160784,0,0,0.054456346,0.641817351,-1.821462297,1,0,0,30,0,25-34,female,Other use,1
P1105,4.166666667,0.885881715,0,1,1.07237112,0.136034949,0.896313241,0,1,0,37,0,35-44,male,Other use,3
P1106,2.333333333,-0.502297354,0,0,-0.171746937,-1.381312256,-1.821462297,1,1,0,25,1,25-34,male,Other use,1
P1107,4.5,-2.557880628,0,0,0.054456346,-0.369747453,-1.821462297,0,1,0,21,1,18-24,male,Other use,1
P1108,4.5,-0.603515056,0,0,0.619964554,0.641817351,-1.821462297,0,1,0,23,0,18-24,male,Other use,1
P1109,3.333333333,-1.449046249,0,0,-1.415864995,-0.875529854,0.896313241,0,0,0,19,1,18-24,female,Other use,3
P1110,4.666666667,1.011718788,0,1,0.733066196,0.136034949,0.896313241,0,1,0,19,0,18-24,male,Other use,3
P1111,4.166666667,1.112881863,0,1,0.280659629,-0.369747453,0.896313241,0,1,0,50,0,45+,male,Other use,3
P1112,5.666666667,1.485890723,0,1,0.393761271,0.136034949,0.896313241,0,0,0,39,0,35-44,female,Other use,3
P1113,5.5,0.166886024,0,0,1.298574404,0.641817351,-0.462574528,0,0,0,43,1,35-44,female,Other use,2
P1114,3.833333333,-0.952566969,0,1,1.524777687,0.641817351,0.896313241,1,0,1,22,0,18-24,non-binary,Other use,3
P1115,6.5,1.035424866,0,1,0.506862912,1.147599753,0.896313241,0,0,0,38,0,35-44,female,Other use,3
P1116,4.833333333,-0.063425218,0,1,0.619964554,1.147599753,-0.462574528,0,1,0,31,0,25-34,male,Other use,2
P1117,7.0,0.41276203,0,0,0.733066196,1.147599753,0.896313241,0,0,0,68,0,45+,female,Other use,3
P1118,3.5,-1.513569912,0,0,0.280659629,0.641817351,0.896313241,0,1,0,21,0,18-24,male,Other use,3
P1119,5.5,-1.055555381,0,0,-1.642068278,1.147599753,-1.821462297,0,1,0,57,0,45+,male,Other use,1
P1120,2.166666667,0.232748211,0,1,0.280659629,-0.875529854,-0.462574528,1,1,0,25,1,25-34,male,Other use,2
P1121,4.5,-0.310085821,0,0,-2.659983053,1.147599753,-0.462574528,0,0,0,18,1,18-24,female,Other use,2
P1122,3.333333333,-1.954398339,0,0,-1.415864995,0.641817351,-0.462574528,0,0,0,23,1,18-24,female,Other use,2
P1123,5.333333333,-2.388128378,0,0,0.054456346,-0.369747453,0.896313241,0,0,0,22,0,18-24,female,Other use,3
P1124,6.333333333,-1.789577024,0,0,0.846167837,0.641817351,-0.462574528,0,0,0,37,1,35-44,female,Other use,2
P1125,5.833333333,0.375338844,0,1,0.506862912,0.136034949,-0.462574528,0,1,0,20,1,18-24,male,Other use,2
P1126,3.0,-1.1763795,0,0,0.167557988,-0.369747453,-0.462574528,1,1,0,25,1,25-34,male,Other use,2
P1127,5.5,0.455772077,0,1,0.619964554,-0.369747453,-0.462574528,0,0,0,28,1,25-34,female,Other use,2
P1128,4.333333333,0.814010621,0,0,-0.284848579,0.136034949,0.896313241,0,0,0,27,1,25-34,female,Other use,3
P1129,5.166666667,0.037693225,0,0,0.619964554,-0.875529854,0.896313241,0,1,0,30,0,25-34,male,Other use,3
P1130,3.666666667,-0.167698093,0,1,1.524777687,0.641817351,-1.821462297,0,1,0,32,1,25-34,male,Other use,1
P1131,6.0,-1.68897107,0,0,-3.225491261,-0.369747453,-0.462574528,0,0,0,26,1,25-34,female,Other use,2
